南京瑞林达装饰有限公司 ,新街口沈举人19号长发华辰大厦1805室,17702508973,58719477,
南京凯典装饰工程有限公司 ,南京市雨花台区德盈国际广场3栋27楼,13611586377,89616076,
南京古兰装饰工程有限公司 ,建邺区凤栖苑130号,13913885909,86669658,
南京创品装饰工程有限公司 ,江苏省南京市江宁区岔路口宏运大道山水方舟门...,13770631218,84964393,
南京典居圣装饰工程有限公司 ,南京市栖霞区晓庄国际广场1-923,13951867609,86607833,
江苏鲁公大宅装饰工程有限公司 ,南京市鼓楼区新模范马路,15895990926,85974251,
广东星艺装饰集团南京有限公司 ,南京市建邺区江东中路146-1号,13770550561,85953980,
南京帝景装饰工程有限公司 ,南京市建邺区应天大街772号1栋508室,18114462814,86612289,
南京青松装饰工程有限公司 ,天元东路228号莱茵量子国际大厦14楼,13605155113,84121685,
速美集家装饰有限责任公司南京分公司 ,江苏省南京市江宁区高新园天元东路547号天...,15251822418,400-156-1885,
南京六都装饰工程有限公司 ,南京市江宁区上元大街238号四楼,18502516336,52695936,
南京锦华装饰            ,汉中路180号星汉大厦23楼 ,4008-659-600,,
南京港中装饰设计工程有限公司            ,南京中山东路218号长安国际中心1502室,4008-659-600,,
南京恒安装饰设计工程有限公司            ,南京市洪武路267号洪武大厦1006室(户...,4008-659-600,,
南京九旗建筑装饰工程有限公司            ,南京市桥北弘阳大厦1812~1814室,4008-659-600,,
南京瑞晶装饰工程有限公司            ,南京市江宁区金箔路624号（工商局向东20...,4008-659-600,,
南京华标·金月亮装饰工程有限公司            ,南京市(1)山西路世贸中心大厦a1座231...,4008-659-600,,
南京集庭装饰工程有限公司            ,南京市白下区大光路188号锦江丽舍920室,4008-659-600,,
南京梵池装饰工程有限公司            ,南京市建邺区江东中路186号宏普捷座512,4008-659-600,,
南京千禧龙装饰有限公司            ,王府大街63号中泰南楼4楼412,4008-659-600,,
南京禾地建筑装饰工程有限公司            ,南京市江东中路76号五洲装饰城三楼,4008-659-600,,
江苏亚伟装饰工程有限公司            ,南京市中山南路89号江苏文化大厦15楼c座,4008-659-600,,
南京蒙塔尼装饰工程有限公司            ,南京市江宁区万达广场A座1405室,4008-659-600,,
南京飞奥装饰公司            ,南京中山南路现代大厦317号2003,4008-659-600,,
南京乾佑御璜建筑装饰工程有限公司            ,江苏省南京市白下区中山东路300号长发cf...,4008-659-600,,
南京秀米装修公司            ,南京市玄武区中央北路230,4008-659-600,,
南京元洲●品界大宅设计            ,河西万达B座,4008-659-600,,
南京天作装饰工程有限公司            ,南京大桥北路9号弘阳大厦909室,4008-659-600,,
南京居联峰尚装饰有限公司            ,江宁区天印大道880号,4008-659-600,,
江苏钟凯丽装饰工程有限公司            ,1,4008-659-600,,
南京矶米装饰设计            ,南京市鼓楼区阅江楼街道江边路30-3室,4008-659-600,,
木桃盒子室内设计有限公司            ,南京市江宁区百家湖湖滨路77号,4008-659-600,,
南京焦点装饰设计工程有限公司            ,南京市白下区光华路2号鑫园12幢106门面...,4008-659-600,,
高度国际装饰设计集团南京分公司            ,鼓楼区集庆门大街268号苏宁慧谷E07-1...,4008-659-600,,
广东星艺装饰有限公司            ,南京市鼓楼区山西路金山大厦B座11楼A+G...,4008-659-600,,
南京艺仟装饰工程有限公司            ,南京市鼓楼区中山北路188号,4008-659-600,,
斯勃克舒适家居            ,卡子门大街88号石林家乐家,4008-659-600,,
南京摩宇装饰工程有限公司            ,南京市和燕路251号金港大厦B座2102室,4008-659-600,,
南京品界大宅            ,南京河西万达B座,4008-659-600,,
金蜗牛装饰工程有限公司            ,浦口区迎江路59号海德北岸广场商铺02号(...,4008-659-600,,
雅士居装饰工程公司            ,,4008-659-600,,
南京伟石装饰工程有限公司            ,岔路口鑫泰国际广场1幢1003室,4008-659-600,,
南京龙耀装饰工程有限公司            ,雨花台区长虹路德盈国际广场,4008-659-600,,
居居装饰工程有限公司            ,南京市鼓楼区江东北路清江苏宁广场1913,4008-659-600,,
南京紫凌轩装饰工程有限公司            ,南京市江宁区天元东路228号莱茵铂郡614,4008-659-600,,
幻居装饰设计工程有限公司            ,南京雨花台雨花西路258号明门公寓1栋80...,4008-659-600,,
南京楚居装饰有限公司            ,南京浦口区苏宁环球天润广场北侧50米,4008-659-600,,
南京品界大宅设计            ,建邺区河西万达B座,4008-659-600,,
南京欧鹰装饰设计工程有限公司            ,南京市户部街33号天之都大厦1112室,4008-659-600,,
南京全鑫装饰工程有限责任公司            ,南京市雨花台区德盈国际广场虹悦城2栋(12...,4008-659-600,,
南京红庭装饰工程有限公司            ,南京市鼓楼区中央路417号先锋广场1325...,4008-659-600,,
江苏天原工创装饰设计工程有限公司            ,江苏南京建邺河西万达广场E幢3106,4008-659-600,,
沙龙装饰工程（南通）有限公司南京分公司            ,南京市江宁区天印大道1299号7-106室...,4008-659-600,,
北京龙发装饰南京分公司            ,南京市白下区中山南路315号瑞华大厦2楼,4008-659-600,,
南京洪川建筑装饰设计有限公司            ,南京市江宁区湖山路419号,4008-659-600,,
南京锦盈源装饰工程有限公司            ,南京市鼓楼区中央路417号先锋广场514,4008-659-600,,
香港鼎匠国际设计有限公司南京分公司            ,南京市中山东路198号1708室,4008-659-600,,
南京天阁装饰工程有限公司            ,南京市浦口区浦珠北路澳林购物广场国美电器楼...,4008-659-600,,
南京酷客装饰工程有限公司            ,南京市中山南路360号同坤大厦17楼,4008-659-600,,
北京大业美家家居装饰有限公司南京分公司            ,南京市秦淮区太平南路297号江苏饭店9楼,4008-659-600,,
南京鑫亦恒机电设备有限公司            ,南京市鼓楼区虎踞路58号,4008-659-600,,
南京一号家居馆            ,玄武区中央路302号,4008-659-600,,
江苏雅仕居装饰工程有限公司            ,雨花区软件大道9-1宁南汽配城对面,4008-659-600,,
南京居秀装饰工程有限公司            ,建邺区兴隆大街,4008-659-600,,
南京龙宾装饰工程有限公司            ,江苏省南京市白下区常府街85号新大都广场甲...,4008-659-600,,
南京乾佑御璜建筑装饰工程有限公司            ,长发中心A座6楼,4008-659-600,,
明珠装饰有限公司            ,下关区幕府西路15号,4008-659-600,,
倍善信装饰工程有限公司            ,南京市江东北路301号滨江广场1棟6楼A座,4008-659-600,,
南京中陆装饰工程有限公司            ,江苏省南京市雨花台,4008-659-600,,
南京威登装饰工程有限公司            ,中华路50号,4008-659-600,,
南京立坤室内设计事务所            ,南京秦淮区光华路2号石林家居广场6007,4008-659-600,,
乐乐装修施工队            ,迈皋桥,4008-659-600,,
江苏红蚂蚁装饰设计工程有限公司南京分公司            ,南京建邺区云锦路万达东坊7幢36号,4008-659-600,,
南通包工-金洋口装饰            ,南京市建邺区万达东坊14栋405,4008-659-600,,
南京龙韩辉装饰工程有限公司            ,南京市中山南路369号盈嘉大夏1811室,4008-659-600,,
南京万之庭室内设计工作室            ,南京大桥北路9号弘阳骏管1701,4008-659-600,,
南京东诚铭装饰设计有限公司            ,南京市江宁区天元东路228号苹果都市大厦B...,4008-659-600,,
南京康友装饰工程有限公司            ,南京市浦口区大桥北路一号华侨银座A座903...,4008-659-600,,
南京臻典建筑装饰工程有限公司            ,南京市白下区洪武路267号洪武大厦706室,4008-659-600,,
江苏亚伟建筑装饰设计工程有限公司            ,南京新街口中山南路89号江苏文化大厦15楼...,4008-659-600,,
南京mt设计室            ,达美广场,4008-659-600,,
惠百氏装饰工程有限公司            ,南京市集庆门大街台园18幢63号,4008-659-600,,
南京黑蚁装修设计工程有限公司            ,南京市白下区五洲装饰城商务楼107,4008-659-600,,
浩旭装饰工程有限公司            ,金盛国际家居3号厅机器码二楼,4008-659-600,,
南京浩荣装饰设计工程有限公司            ,浦口区弘阳公馆一号,4008-659-600,,
南京君涛装饰工程有限公司            ,南京江宁区双龙大道829号瑞阳居01幢32...,4008-659-600,,
南京美洛美巢建筑设计有限公司            ,弘阳广场A2馆-1F 0059-0080号,4008-659-600,,
南京标杆装饰工程有限公司            ,南京市白下区光华路156号星展大厦A座61...,4008-659-600,,
南京金百易建筑装饰工程设计有限公司            ,鼓楼区  热河路50号,4008-659-600,,
陈工家装有限公司            ,南京市珠江路,4008-659-600,,
江苏八斗才装饰工程有限公司            ,龙蟠中路318号金龙蟠家苑1栋1803室,4008-659-600,,
刘波原创工作室            ,云锦路58号万达东坊7栋720,4008-659-600,,
南京贵美装饰工程有限公司            ,南京市江宁区文心街,4008-659-600,,
南京维宁装饰工程有限公司            ,南京桥北路9号弘阳大厦骏馆1724-172...,4008-659-600,,
专业家装团队            ,浦口区万润家园2-504,4008-659-600,,
南京九头鸟装饰工程公司            ,中山南路321号现代大厦2106室,4008-659-600,,
迪科达装饰工程有限公司            ,南京市中华路166号409室(地铁一号线三...,4008-659-600,,
top原创国际设计研究院            ,梦都大街建筑师工社708,4008-659-600,,
南京煦融装饰工程有限公司            ,南京市浦口区大桥北路9号弘阳大厦801室,4008-659-600,,
南京涛锦装饰工程有限公司            ,南京市秦淮区五洲装饰广场兆仑巷三楼,4008-659-600,,
南京帅创装饰设计工程有限公司            ,南京市太平南路151号魔方城市贵族公馆31...,4008-659-600,,
南京天原工创装饰设计工程有限公司            ,南京市建邺区万达西地二街区11栋3106,4008-659-600,,
南京品家装饰工程有限公司            ,南京市建邺区南湖沿河街西祠街区（17-30...,4008-659-600,,
园亭居装饰公司            ,,4008-659-600,,
南京中恩装饰工程有限公司            ,南京市锁金村83号公用金卡大厦3楼309室...,4008-659-600,,
南京中央空调，地暖，和暖            ,南京汉中门大街2号蔚蓝之都家园3栋1楼,4008-659-600,,
南京好军嫂门窗工程有限公司            ,南京市浦口区大桥北路弘扬骏馆,4008-659-600,,
南京六拓装饰工程有限公司            ,六合区花语馨苑上马石路41号,4008-659-600,,
南京易之轩装饰工程设计有限公司            ,南京市六合区金宁国际大厦19楼,4008-659-600,,
南京九头鸟装饰工程有限公司            ,中山南路321号现代大厦2106室,4008-659-600,,
韩耐家具有限公司            ,南京市秦淮区卡子门大街红星美凯龙,4008-659-600,,
南京砚钫在线科技有限公司            ,南京龙蟠路,4008-659-600,,
南京盘古石材有限公司            ,南京雨花区红太阳装饰城C1-204。C1-...,4008-659-600,,
正大石木装饰公司            ,南京市建邺区万达金街西区10栋252号,4008-659-600,,
南京安吉利尔装饰工程有限公司            ,南京浦口区星火路9号,4008-659-600,,
家福装饰工程            ,南京江宁上元大街,4008-659-600,,
南京金诺格建筑工程有限公司            ,南京市栖霞区马群新街9号,4008-659-600,,
南京点缀装饰工程有限公司            ,南京市栖霞区尧化门甘家边,4008-659-600,,
南京龙峰装饰工程有限公司            ,南京浦口区威尼斯水城九街区物业旁,4008-659-600,,
南京标杆装饰工程有限公司            ,南京市白下区星海路8 号,4008-659-600,,
南京逸年华装饰工程有限公司            ,珠江路688号卓越骇客天街1131-113...,4008-659-600,,
南京美沃办公家具设备有限公司            ,南京市浦口区花旗104国道旁,4008-659-600,,
南京金逸庭装饰工程有限公司            ,江苏省南京市中央路417号,4008-659-600,,
金诚装饰有限公司            ,江苏南京,4008-659-600,,
万子红装饰设计工程有限公司            ,鼓楼区华侨路管家桥85号华荣大厦2208,4008-659-600,,
南京康佳装饰工程有限公司            ,南京鼓楼中央门,4008-659-600,,
南京尚观居装饰设计工程有限公司            ,南京市浦口区弘阳广场弘阳壹号A座916,4008-659-600,,
南京标杆装饰工程有限公司            ,南京市白下区星海路8 号,4008-659-600,,
南京金诺格建筑工程有限公司            ,南京市栖霞区马群新街9号,4008-659-600,,
南京金逸庭装饰工程有限公司            ,江苏省南京市中央路417号,4008-659-600,,
南京点缀装饰工程有限公司            ,南京市栖霞区尧化门甘家边,4008-659-600,,
南京尚观居装饰设计工程有限公司            ,南京市浦口区弘阳广场弘阳壹号A座916,4008-659-600,,
江苏冠亞装饰工程有限公司            ,新街口东宇大厦21楼,4008-659-600,,
桥北瑞云装饰公司            ,南京大桥北路9号弘扬大厦5F,4008-659-600,,
南京小伙伴装饰工程设计有限公司            ,南京市秦淮区龙蟠中路530-1号,4008-659-600,,
尚层装饰北京有限公司南京分公司            ,江东北路88号清江苏宁广场,4008-659-600,,
南京朝好装饰有限公司            ,南京市龙蟠中路311号达美广场1103室,4008-659-600,,
荃盛装饰工程有限公司            ,,4008-659-600,,
大邑建设装饰工程有限公司            ,南京江宁东山湖东路天元吉第城北门向东50米,4008-659-600,,
南京艺爵软装饰设计工程有限公司            ,南京市雨花台区玉兰路19-01号,4008-659-600,,
南京景升装饰工程有限公司            ,南京市江宁区天元中路126号新城发展中心2...,4008-659-600,,
北京嘉和日盛装饰南京分公司            ,建邺区集庆门大街33号  ,4008-659-600,,
南京银燕装饰工程有限公司            ,南京江宁区双龙大道西侧，铂金水岸1幢416...,4008-659-600,,
南京美盈装饰工程有限公司            ,江宁区竹山路地铁口434号,4008-659-600,,
撒旦发射范德萨发送            ,as范德萨,4008-659-600,,
南京馨品诺装饰工程有限公司            ,南京市浦口弘阳壹号B座1016室,4008-659-600,,
南京国晟建筑工程有限公司            ,南京市户部街33号天之都大厦2311室,4008-659-600,,
南京馨品诺装饰工程有限公司            ,南京市浦口弘阳壹号B座1016室,4008-659-600,,
南京九间堂装饰工程有限公司            ,南京市建邺区江东中路215号凤凰文化广场B...,4008-659-600,,
南京泉平装饰设计工程有限公司            ,南京市浦口区弘阳一号B座1011室,4008-659-600,,
南京昊桐装饰设计工程有限公司            ,南京市江宁区上元大街195号,4008-659-600,,
米瑞特装修公司            ,,4008-659-600,,
南京国屏光电科技有限公司            ,南京市玄武区月香路6号,4008-659-600,,
南京创品装饰工程有限公司            ,江苏省南京市江宁区岔路口宏运大道山水方舟门...,4008-659-600,,
南京终结者装饰设计工程有限公司            ,南京市雨花台区雨花西路258号(摩卡庄园酒...,4008-659-600,,
南京仲子路科技有限公司            ,江东北路97号鸿都大厦A座6楼,4008-659-600,,
南京庭之栋文化装饰设计工作室            ,新街口洪武北路,4008-659-600,,
南京寰宇装饰有限公司            ,南京市鼓楼区上海路,4008-659-600,,
南京同坤装饰工程有限公司            ,南京市大光路49号红鹰大厦905,4008-659-600,,
江苏齐装网络技术有限公司            ,南京玄武区,4008-659-600,,
南京典维装饰工程有限公司            ,南京市下关区幕府西路33号,4008-659-600,,
南京瑞云装饰工程有限公司            ,南京大桥北路9号弘阳大厦5楼,4008-659-600,,
齐装网有限公司            ,,4008-659-600,,
南京创腾装饰工程有限公司            ,秦淮区汇景路176号,4008-659-600,,
南京面对面装饰有限公司            ,南京市玄武区南京建设规划展览馆一楼,4008-659-600,,
南京市业顺装饰公司            ,江苏南京江宁区东山,4008-659-600,,
南京颂美装饰工程有限公司            ,浦口区天润城7街区东大门 ,4008-659-600,,
齐装网有限公司            ,,4008-659-600,,
南京创腾装饰工程有限公司            ,秦淮区汇景路176号,4008-659-600,,
南京市业顺装饰公司            ,江苏南京江宁区东山,4008-659-600,,
南京欧亚特电子科技有限公司            ,南京市珠江路成贤街50号成贤大厦1308,4008-659-600,,
南京易居智能科技有限公司            ,南京雨花区玉兰路99号,4008-659-600,,
南京新欧靓装饰设计服务网            ,南京市大马路88,4008-659-600,,
装修水电改造            ,河定桥,4008-659-600,,
南京拓峰装饰工程有限公司            ,南京市玄武区珠江路新世界中心A座3001室,4008-659-600,,
南京龙腾装饰工程有限公司            ,南京市江宁区,4008-659-600,,
江苏八斗才装饰工程有限公司            ,,4008-659-600,,
南京终结者装饰设计公司            ,雨花西路258号,4008-659-600,,
南京索兰装饰有限公司            ,南京秦淮区明匙路杜克soho商务楼215室...,4008-659-600,,
南京汉邦柏森节能门窗            ,南京雨花台区,4008-659-600,,
起发永恒装饰公司            ,,4008-659-600,,
南京市红牛装饰            ,南京市秦淮区龙蟠中路458号 ,4008-659-600,,
南京宏栢建筑工程有限公司            ,南京市建邺区江东中路万达广场11栋22楼（...,4008-659-600,,
倍善信装饰工程有限公司            ,南京市江东北路滨江广场1栋6楼A座,4008-659-600,,
江苏雅仕居装饰工程有限公司            ,南京市雨花区软件大道9-1（花神美境小区南...,4008-659-600,,
南京海尚装饰有限公司            ,南京市栖霞寅春路78号,4008-659-600,,
木森汉斯装饰有限公司            ,南京六合紫晶城1区4幢,4008-659-600,,
南京黄埔装饰公司            ,,4008-659-600,,
南京明发装修            ,,4008-659-600,,
北京中奥建            ,,4008-659-600,,
南京壹号家信息科技有限公司            ,南京市鼓楼区中央路266号一号家居馆,4008-659-600,,
南京典美装饰工程有限公司            ,南京市白下区瑞金路48号瑞金大厦B座120...,4008-659-600,,
南京荣泰装饰工程公司            ,南京市栖霞区尧化门尧辰路3号6-101,4008-659-600,,
南京轩冉装饰工程有限公司            ,南京市和燕路408号晓庄国际广场2幢2单元...,4008-659-600,,
南京北贸装饰工程有限公司            ,南京鼓楼区建宁路30号,4008-659-600,,
南京品家装饰工程有限公司            ,南京市建邺区茶亭东街79号西祠街区17栋3...,4008-659-600,,
南京宣拓软膜装饰材料有限公司            ,江宁区东山街道东新南路,4008-659-600,,
南京黑鹰装饰工程有限公司            ,花园路12号,4008-659-600,,
南京标杆装饰            ,光华路156号星展大厦6f,4008-659-600,,
隆翔装饰有限公司            ,,4008-659-600,,
撩色饰家空间设计室            ,江苏省南京市鼓楼区中山北路215号中商万豪...,4008-659-600,,
南京坤艮建筑装饰工程有限公司            ,江宁区黄金海岸二区1栋117室,4008-659-600,,
南京阿杜设计装饰有限公司            ,南京建邺区紫金西城,4008-659-600,,
为家装饰公司            ,,4008-659-600,,
南京跃腾装饰有限公司            ,南京威尼斯水城,4008-659-600,,
南京浦居装饰工程有限公司            ,浦口区江浦街道珠泉路3号,4008-659-600,,
南京元创装饰工程有限公司            ,,4008-659-600,,
 ,,4008-659-600,,
弘扬装饰工程            ,,4008-659-600,,
南京第三只眼艺术装饰            ,南京江宁区北沿路靖安里14-1,4008-659-600,,
南京赛升装修工程公司            ,,4008-659-600,,
厚瑞装饰工程有限公司            ,万达A座1506室,4008-659-600,,
南京顺帆装潢有限公司            ,六合区,4008-659-600,,
南京佰康装潢装饰有限公司            ,南京市建邺区江东北路186号宏普捷座602...,4008-659-600,,
南京千和装饰工程有限公司            ,南京市秦淮区建邺路98号鸿信大厦8楼,4008-659-600,,
南京羽农家装有限公司            ,,4008-659-600,,
江苏星汇装饰工程有限公司            ,南京市建邺区虎踞南路49号 银翔商务4楼,4008-659-600,,
南京秀锋环境装饰工程有限公司            ,南京市栖霞区迈皋桥长营村144号,4008-659-600,,
浦口储师傅装修团队            ,南京，浦口，汤泉,4008-659-600,,
南京新支点装饰            ,新街口洪武路267号洪武大厦2101-06...,4008-659-600,,
巍然美汇美装饰公司            ,南京市秦淮区集庆路198号江苏通信大厦4楼,4008-659-600,,
南京东诚铭装饰设计有限公司            ,南京江宁分公司天元东路228号苹果都市B座...,4008-659-600,,
亿烨装饰安装工程有限公司            ,麒麟门 东方红郡,4008-659-600,,
南京阿里巴巴装饰设计工程有限公司            ,南京市浦口区威尼斯水城十街区56-106商...,4008-659-600,,
南京市雨花台区易艾装饰            ,雨花区西善桥,4008-659-600,,
辰龙装饰工程有限公司            ,江宁天元瑞沨名苑1栋1512室(竹山路地铁...,4008-659-600,,
南京龙飞亚装饰工程有限公司            ,江宁区东新路蚂蚁工坊A座610,4008-659-600,,
齐装网有限公司            ,,4008-659-600,,
南京汇锦装饰股份有限公司            ,龙蟠路9号兴隆大厦10f,4008-659-600,,
简约装饰工程有限公司            ,,4008-659-600,,
南京鼎享实业有限责任公司            ,南京市鼓楼区新模范马路92号5楼,4008-659-600,,
南京凯典装饰工程有限公司            ,南京德盈国际广场3栋402室,4008-659-600,,
南京佳林装饰            ,,4008-659-600,,
南京隆宸装饰工程有限公司            ,,4008-659-600,,
南京欧靓装饰设计商务网            ,南京市节制闸路62,4008-659-600,,
南京荣泰装饰工程公司            ,南京市栖霞区尧化门尧辰路3号6-101,4008-659-600,,
南京市六合区金玉彩堂装饰公司            ,南京市六合区文博家园朝南门面房,4008-659-600,,
南京龙飞亚装饰工程有限公司            ,竹山路99号,4008-659-600,,
铂色方元装饰工程有限公司            ,南京市浦口桥北客运站对面弘扬大厦1405,4008-659-600,,
弘扬装饰工程            ,,4008-659-600,,
天羽马环境艺术有限公司            ,广州路清凉山公园内,4008-659-600,,
南京第三只眼艺术装饰            ,南京江宁区北沿路靖安里14-1,4008-659-600,,
南京赛升装修工程公司            ,,4008-659-600,,
四季度吊死扶伤            ,南京鼓楼区,4008-659-600,,
厚瑞装饰工程有限公司            ,万达A座1506室,4008-659-600,,
南京顺帆装潢有限公司            ,六合区,4008-659-600,,
 江苏科宁舒适家居系统集成有限责任公司            ,南京市鼓楼区定淮门12号世纪之窗16号楼,4008-659-600,,
南京科特勒斯地坪工程有限公司            ,南京市江宁区胜利路19号,4008-659-600,,
南京乾佑御璜建筑装饰工程有限公司            ,大行宫中山东路300号长发CFC商业中心A...,4008-659-600,,
天羽马环境艺术有限公司            ,广州路清凉山公园内,4008-659-600,,
四季度吊死扶伤            ,南京鼓楼区,4008-659-600,,
南京喜运装饰工程有限公司            ,秦淮区景泰苑,4008-659-600,,
 ,,4008-659-600,,
南京金手匠建筑装饰工程有限公司            ,南京市大光路188号锦江丽舍1906室,4008-659-600,,
宝旺斯建筑智能工程            ,水西门大街291号万达金街西区10栋227,4008-659-600,,
南京美嘉装饰工程有限公司            ,南京市沿江开发区长冲新天地8-513,4008-659-600,,
南京佰康装潢装饰有限公司            ,南京市建邺区江东北路186号宏普捷座602...,4008-659-600,,
江苏华佑装饰工程有限公司            ,江东北路400号,4008-659-600,,
南京鼎享实业有限责任公司            ,南京新模范马路92号5楼,4008-659-600,,
南京金殿堂装饰工程有限公司            ,江苏南京雨花区,4008-659-600,,
南京百思乐装饰工程有限公司            ,江苏省•南京市•白下区龙蟠中路317号达美...,4008-659-600,,
瑞祥佳艺建筑工程有限公司            ,南京市新街口中山东路9号天时国际商贸中心1...,4008-659-600,,
南京居吉室内装饰            ,江宁区竹山路岗山超市潭西路155号,4008-659-600,,
铂色方元装饰工程有限公司            ,南京市浦口桥北客运站对面弘扬大厦1405,4008-659-600,,
南京市百装汇家居饰品有限公司            ,江苏省南京市秦淮区永丰大道36号天安科创中...,4008-659-600,,
江苏星汇装饰工程有限公司            ,南京市建邺区虎踞南路49号 银翔商务4楼,4008-659-600,,
厚瑞装饰工程有限公司            ,万达A座1506室,4008-659-600,,
南京阿杜设计装饰有限公司            ,南京建邺区紫金西城,4008-659-600,,
为家装饰公司            ,,4008-659-600,,
江苏星汇装饰工程有限公司            ,南京市建邺区虎踞南路49号 银翔商务4楼,4008-659-600,,
南京金手匠建筑装饰工程有限公司            ,南京市大光路188号锦江丽舍1906室,4008-659-600,,
宝旺斯建筑智能工程            ,水西门大街291号万达金街西区10栋227,4008-659-600,,
南京秀锋环境装饰工程有限公司            ,南京市栖霞区迈皋桥长营村144号,4008-659-600,,
南京元创装饰工程有限公司            ,,4008-659-600,,
 ,,4008-659-600,,
南京中强家具有限公司            ,南京江宁区双龙大道958号水岸明珠,4008-659-600,,
南京万冲建筑装饰有限公司            ,南京市秦淮区大明路,4008-659-600,,
卓越装饰公司            ,浦口区浦珠北路129号万江地和苑,4008-659-600,,
南京锦凰阁装饰工程有限公司            ,南京市秦淮区洪武路198号B幢3312室,4008-659-600,,
齐强装修公司            ,南京市浦口区,4008-659-600,,
南京帅创装饰设计工程有限公司            ,南京市雨花区双闸街道天后村292-1号,4008-659-600,,
永盛装饰有限公司            ,南京六合,4008-659-600,,
南京庭之栋装饰工作室            ,南京新街口,4008-659-600,,
南京我乐装饰设计工程有限公司            ,南京市汉中路180号星汉大厦5楼,4008-659-600,,
南京曾艺佳建筑装饰工程有限公司            ,,4008-659-600,,
上海天羽空间设计装饰公司南京分公司            ,南京河西万达广场四楼,4008-659-600,,
南京金手匠建筑装饰工程有限公司            ,南京市大光路188号锦江丽舍1906室,4008-659-600,,
南京大众装饰            ,,4008-659-600,,
宝旺斯建筑智能工程            ,水西门大街291号万达金街西区10栋227,4008-659-600,,
聚馨阁建筑装饰工程有限公司            ,白下区抄纸巷7号208室,4008-659-600,,
南京慰群装饰工程有限公司            ,明发滨江新城274——202,4008-659-600,,
亲自手工装修            ,江宁谷里镇,4008-659-600,,
乾佑御璜装饰工程有限公司            ,大行宫长发中心A座6楼,4008-659-600,,
君友装饰有限公司            ,南京市鼓楼区建大大厦,4008-659-600,,
南京壹号家信息科技有限公司            ,南京市鼓楼区中央路266号一号家居馆,4008-659-600,,
南京典美装饰工程有限公司            ,南京市白下区瑞金路48号瑞金大厦B座120...,4008-659-600,,
南京万隆装饰工程有限公司            ,中山南路369号盈嘉大厦909室,4008-659-600,,
南京荣泰装饰工程公司            ,南京市栖霞区尧化门尧辰路3号6-101,4008-659-600,,
南京北贸装饰工程有限公司            ,南京鼓楼区建宁路30号,4008-659-600,,
南京品家装饰工程有限公司            ,南京市建邺区茶亭东街79号西祠街区17栋3...,4008-659-600,,
南京骏邦建筑工程有限公司            ,南京市栖霞区尧新大道16号,4008-659-600,,
南京美汇美装饰公司            ,南京市集庆路198号江苏通信大厦四楼,4008-659-600,,
南京黑蚁装饰设计工程有限公司            ,白下区石门坎五洲装饰城商务楼107,4008-659-600,,
南京易之圆装饰            ,南京市浦口泰山新村泰西路浦东大厦801室,4008-659-600,,
中艺装饰设计工程有限公司            ,南京建邺区所街29号,4008-659-600,,
南京瑞林达装饰工程有限公司            ,南京市华辰大厦1504-D,4008-659-600,,
南京企宏装饰工程有限公司            ,南京市建邺区云锦路万达金街（天桥旁）,4008-659-600,,
南京藤黄建筑装饰设计工程有限公司            ,,4008-659-600,,
南京尚境空间装饰工程有限公司            ,,4008-659-600,,
南京元创装饰工程有限公司            ,,4008-659-600,,
 ,,4008-659-600,,
自动化装饰有限公司            ,,4008-659-600,,
南京福殿装饰公司            ,南京浦口区桥北明发商业街278-212商铺,4008-659-600,,
南京隆赛装饰工程有限公司            ,南京市中山北路95号江苏议事园大厦,4008-659-600,,
南京欧栎橱柜            ,,4008-659-600,,
南京隆基装饰工程有限公司            ,珠江路67号1908室,4008-659-600,,
苏州筑福装饰有限公司            ,,4008-659-600,,
南京扬之天机电设备安装有限公司            ,南京大桥北路1号华侨广场1007室,4008-659-600,,
乐乐装修装饰队            ,迈皋桥,4008-659-600,,
南京罄雅装饰工程有限公司            ,南京白下区大光路188号锦江丽舍1615室,4008-659-600,,
南京锦多装饰设计工程有限公司            ,南京市白下区中山南路360号1201室,4008-659-600,,
南京先导办公家具有限公司            ,南京市将军大道6号J6软件园,4008-659-600,,
南京千禧龙装饰有限公司            ,王府大街63号中泰南楼4楼,4008-659-600,,
南京企宏装饰工程有限公司            ,南京市建邺区云锦路万达金街（天桥旁）,4008-659-600,,
南京装饰设计工程有限公司            ,江宁双龙大道1568号绿城水晶蓝湾一楼,4008-659-600,,
南京圣岛环境技术有限公司            ,南京市白下区洪武路359号福鑫国际大厦27...,4008-659-600,,
南京凯高装饰有限公司            ,南京市浦口区大桥北路1号华侨广场19楼19...,4008-659-600,,
南京倩鸿装饰有限公司            ,江苏省 南京市 秦淮区  秦淮小区28号,4008-659-600,,
南京百圣百装饰工程有限公司            ,南京市鼓楼区湖南路马台街70号1号楼2楼,4008-659-600,,
江苏八斗才装饰工程有限公司            ,南京市龙蟠中路318号金龙蟠家苑,4008-659-600,,
 ,,4008-659-600,,
南京龙飞亚装饰工程有限公司            ,江宁区文静路,4008-659-600,,
南京前锋线建筑装饰工程有限公司            ,钟灵街50号省农科院内,4008-659-600,,
南京春之城装饰工程有限公司            ,南京市白下区石鼓路107号14层B座,4008-659-600,,
南京东禄装饰工程有限公司            ,,4008-659-600,,
南京我乐装饰设计工程有限公司            ,南京市汉中路180号星汉大厦5楼,4008-659-600,,
南京曾艺佳建筑装饰工程有限公司            ,,4008-659-600,,
南京风沙渡墙纸有限公司            ,南京市太平南路1号新世纪广场B座,4008-659-600,,
南京金螳王建筑装饰有限公司            ,南京市白下区白下路255号,4008-659-600,,
南京豪泰装饰            ,江苏省,南京市,白下区,光华路115号五洲...,4008-659-600,,
聚馨阁建筑装饰工程有限公司            ,白下区抄纸巷7号208室,4008-659-600,,
南京慰群装饰工程有限公司            ,明发滨江新城274——202,4008-659-600,,
亲自手工装修            ,江宁谷里镇,4008-659-600,,
南京九居装饰工程有限公司            ,江宁区 中国女人街 B区357号,4008-659-600,,
南京市诚信装饰有限公司            ,南京市中和桥路181号,4008-659-600,,
南京三象冷暖            ,莫愁湖东路16-6,4008-659-600,,
南京南邦装饰工程有限公司            ,大桥北路9号弘阳大厦1919-1922室,4008-659-600,,
南京梵瑞装饰设计有限公司            ,南京市玄武区龙蟠路155号紫金联合立方5-...,4008-659-600,,
南京火头军信息技术有限公司            ,江苏省南京市浦口区浦口大道1号新城总部大厦...,4008-659-600,,
南京耀庭装饰有限公司            ,,4008-659-600,,
南京天森宜嘉装饰工程有限公司            ,南京大桥北路1号华侨广场812,4008-659-600,,
北京龙发装饰            ,中山南路315号,4008-659-600,,
南京八点钟装饰设计有限公司            ,南京市白下区长白街332号,4008-659-600,,
永盛装饰有限公司            ,南京六合,4008-659-600,,
北京佳林装饰工程有限公司            ,南京白下区新街口正洪街东宇大厦23楼F座,4008-659-600,,
南京华启装饰工程有限公司            ,南京市雨花区明基医院北门,4008-659-600,,
安徽瑞派装饰            ,南京市金陵小区,4008-659-600,,
南京千和装饰工程有限公司            ,南京市秦淮区建邺路98号鸿信大厦8楼,4008-659-600,,
家人装饰服务部            ,浦口区新马路443号（浦口公园向北，环卫所...,4008-659-600,,
南京清雅窗帘加工经营部            ,南京市江宁区文靖路石羊新寓11栋201室,4008-659-600,,
橙果空间装饰设计公司            ,南京市秦淮区升州路385号升州商务2楼D座,4008-659-600,,
江苏华佑装饰工程有限公司            ,江东北路400号,4008-659-600,,
南京宣拓软膜装饰材料有限公司            ,江宁区东山街道东新南路,4008-659-600,,
金玉彩堂室内设计装饰            ,南京市六合区雄州西路文博家园向南门面3-0...,4008-659-600,,
景悠-悠悠装饰            ,公司地址:珠江路67号华利国际大厦2102...,4008-659-600,,
欧特斯空气能热水器            ,浦口区桥北金盛国际家居一楼D区32号,4008-659-600,,
南京猎金装饰工程有限公司            ,南京市江宁区河定桥江宁交通运输局旁,4008-659-600,,
 ,,4008-659-600,,
南京安诚装饰工程有限公司            ,晓庄国际,4008-659-600,,
南京涛声装饰有限公司            ,南京市所街29号,4008-659-600,,
南京秀锋木业有限公司            ,南京迈皋桥长营村144号,4008-659-600,,
南京卓阁建筑装饰工程有限公司            ,南京市石门坎现代大厦,4008-659-600,,
南京润圭装饰有限公司            ,南京市白下区海福巷,4008-659-600,,
南京万隆装饰工程有限公司            ,中山南路369号盈嘉大厦909室,4008-659-600,,
信誉装潢有限公司            ,,4008-659-600,,
南京东禄装饰工程有限公司            ,,4008-659-600,,
南京壹号家信息科技有限公司            ,南京市浦口区大桥北路逗号广场1号,4008-659-600,,
老乔装饰公司            ,南京市白下区,4008-659-600,,
南京市万家福装饰施工队            ,南京市雨花台西善桥,4008-659-600,,
南京绿维装饰有限公司            ,南京市上海路陶谷新村6-1号,4008-659-600,,
南京燕羽庭装饰工程设计有限公司            ,南京市鼓楼区建宁路61号中央金地,4008-659-600,,
南京久通水电            ,水西门大街255号万达金街15栋205,4008-659-600,,
南京誉涛装饰工程有限公司            ,南京市高淳县经济开发区龙井路18号2栋,4008-659-600,,
南京阔景装饰工程有限公司            ,南京户部街天之都33号2827室,4008-659-600,,
南京创腾装饰工程有限公司            ,南京秦淮区夹岗汇景路176号,4008-659-600,,
南京誉涛装饰工程有限公司            ,南京市高淳县经济开发区龙井路18号2栋,4008-659-600,,
南京阔景装饰工程有限公司            ,南京户部街天之都33号2827室,4008-659-600,,
南京龙发装饰公司            ,南京市秦淮区瑞华大厦,4008-659-600,,
南京创腾装饰工程有限公司            ,南京秦淮区夹岗汇景路176号,4008-659-600,,
南京市雨花台区易艾装饰            ,雨花区西善桥,4008-659-600,,
辰龙装饰工程有限公司            ,江宁天元瑞沨名苑1栋1512室(竹山路地铁...,4008-659-600,,
南京顺吉家政服务            ,江宁区湖山路天景山公寓永福苑6幢1705,4008-659-600,,
南京亿烨装饰工程有限公司            ,,4008-659-600,,
南京庭之栋装饰工作室            ,南京新街口,4008-659-600,,
南京黑鹰装饰工程有限公司            ,花园路12号,4008-659-600,,
 ,,4008-659-600,,
南京新支点装饰            ,新街口洪武路267号洪武大厦2101-06...,4008-659-600,,
巍然美汇美装饰公司            ,南京市秦淮区集庆路198号江苏通信大厦4楼,4008-659-600,,
筑穹电器销售有限公司            ,江宁黄金海岸翠文路67号,4008-659-600,,
南京恒丰门业            ,南京市石门坎装饰大世界东一厅二楼29号,4008-659-600,,
南京帅创装饰设计工程有限公司            ,南京市雨花区双闸街道天后村292-1号,4008-659-600,,
金之瑞装饰有限公司            ,南京市白下区中和桥1号光华路石林家居广场6...,4008-659-600,,
南京宁艺堂装饰工程有限公司            ,南京市建邺区福园街131号万达广场西地二街...,4008-659-600,,
南京万坤装饰工程有限公司            ,南京市大桥北路华东茂弘阳壹号A座724室,4008-659-600,,
南京嘉庆装饰有限公司            ,南京市秦淮区大明路小教场43号,4008-659-600,,
南京黄埔装饰公司            ,,4008-659-600,,
北京中奥建            ,,4008-659-600,,
南京业之星装饰工程有限公司            ,南京市太平南路2号日月大厦27F,4008-659-600,,
南京卡迪装饰工程有限公司            ,南京市栖霞区仙林大学城香樟园酒店式公寓31...,4008-659-600,,
家人装饰服务部            ,浦口区新马路443号（浦口公园向北，环卫所...,4008-659-600,,
南京清雅窗帘加工经营部            ,南京市江宁区文靖路石羊新寓11栋201室,4008-659-600,,
南京曼雷装饰工程有限公司            ,南京市六合区新华东路312号,4008-659-600,,
橙果空间装饰设计公司            ,南京市秦淮区升州路385号升州商务2楼D座,4008-659-600,,
南京天森宜嘉装饰工程有限公司            ,南京大桥北路1号华侨广场812,4008-659-600,,
金玉彩堂室内设计装饰            ,南京市六合区雄州西路文博家园向南门面3-0...,4008-659-600,,
辰龙装饰工程有限公司            ,江宁天元瑞沨名苑1栋1512室(竹山路地铁...,4008-659-600,,
南京隆基装饰工程有限公司            ,珠江路67号1908室,4008-659-600,,
南京顺吉家政服务            ,江宁区湖山路天景山公寓永福苑6幢1705,4008-659-600,,
南京锐金不锈钢有限公司            ,南京市雨花台区板桥镇科技路19号,4008-659-600,,
南京汇锦装饰股份有限公司            ,龙蟠路9号兴隆大厦10f,4008-659-600,,
南京鼎享实业有限责任公司            ,南京市鼓楼区新模范马路92号5楼,4008-659-600,,
南京欧靓装饰设计商务网            ,南京市节制闸路62,4008-659-600,,
南京鼎享实业有限责任公司            ,南京市鼓楼区新模范马路92号5楼,4008-659-600,,
北京大业美家家居装饰有限公司南京分公司            ,南京市鼓楼区石头城路6号石榴财智中心15栋,4008-659-600,,
大厂创佳门窗制作            ,大厂葛中路537号,4008-659-600,,
南京涛声装饰有限公司            ,南京市所街29号,4008-659-600,,
南京悦鑫装饰工程有限公司            ,天元东路228号苹果都市1-109（天印大...,4008-659-600,,
南京金御阁装饰工程有限公司            ,南京市浦口区大桥北路9号弘阳大厦骏馆141...,4008-659-600,,
南京秀锋木业有限公司            ,南京迈皋桥长营村144号,4008-659-600,,
南京卓阁建筑装饰工程有限公司            ,南京市石门坎现代大厦,4008-659-600,,
南京耀庭装饰有限公司            ,,4008-659-600,,
南京天森宜嘉装饰工程有限公司            ,南京大桥北路1号华侨广场812,4008-659-600,,
南京豪杰装修            ,南京市溧水县永阳镇,4008-659-600,,
南京藤黄建筑装饰设计工程有限公司            ,,4008-659-600,,
南京尚境空间装饰工程有限公司            ,,4008-659-600,,
南京瑞林达装饰工程有限公司            ,南京市华辰大厦1504-D,4008-659-600,,
好管家装饰工程有限公司            ,龙蟠中路317号达美御园南6楼大中桥加油站...,4008-659-600,,
南京撩色饰家空间设计工作室            ,南京市中山北路215号中山万豪54楼543...,4008-659-600,,
南京锦全装饰工程有限公司            ,南京市中山北路219号宏图大厦1005,4008-659-600,,
南京高联装饰工程有限公司            ,白下区 中山东路 龙台大厦1820室,4008-659-600,,
南京品鉴装饰设计工程有限公司            ,南京市洪武路267号洪武大厦1105室,4008-659-600,,
美之家装饰设计工程有限公司            ,,4008-659-600,,
南京伟业工程装修拆除            ,南京建邺区应天大街,4008-659-600,,
北京紫名都装饰公司南京分公司            ,南京市浦口区明发滨江新城二期251幢112...,4008-659-600,,
南京城艺友装饰            ,南京市下关区金陵小区6村16号2单元102,4008-659-600,,
南京涛声装饰有限公司            ,南京市所街29号,4008-659-600,,
南京鹿琼装饰设计有限公司            ,南京市大桥北路1号华侨广场1708室,4008-659-600,,
达梦居装修工程有限公司            ,迈化路新城尚坐4-11,4008-659-600,,
北京百度装饰公司江苏分公司            ,南京市中山南路89号(江苏文化大厦),4008-659-600,,
新月装饰有限公司            ,秣陵,4008-659-600,,
南京万庭建筑环境设计有限公司            ,南京市浦口区大桥北路弘扬大厦1701,4008-659-600,,
江苏八斗才装饰工程有限公司            ,江苏省南京市龙蟠中路318号,4008-659-600,,
江宁小陈装修队            ,江宁东山湖路90号,4008-659-600,,
 ,,4008-659-600,,
南京业之星装饰工程有限公司            ,南京市太平南路2号日月大厦27F,4008-659-600,,
南京黑蚁装饰设计工程有限公司            ,白下区石门坎五洲装饰城商务楼107,4008-659-600,,
江苏亚伟建筑装饰设计工程有限公            ,中山南路89号江苏文化大厦,4008-659-600,,
南京龙峰装饰工程有限公司            ,南京桥北威尼斯水城十街区物业旁,4008-659-600,,
南京裕春装饰工程有限公司            ,柳州东路203号 威尼斯水城六街区一号商铺,4008-659-600,,
南京乾佑御璜建筑装饰工程有限公司            ,大行宫中山东路300号长发CFC商业中心A...,4008-659-600,,
南京全鑫装饰工程有限责任公司            ,南京市雨花区虹悦城2幢1206室,4008-659-600,,
尚源易馨装饰责任有限公司            ,南京新街口阳光大厦24楼D3室,4008-659-600,,
南京博语装饰工程有限公司            ,南京市玄武区华银路19号,4008-659-600,,
欧宝装饰工程有限公司            ,南京市建邺区江东中路128号,4008-659-600,,
南京施兰装饰设计工程有限公司            ,南京市秦淮区信府河11号3楼,4008-659-600,,
南京佰康装潢装饰有限公司            ,南京市建邺区江东北路186号宏普捷座602...,4008-659-600,,
隆翔装饰有限公司            ,,4008-659-600,,
撩色饰家空间设计室            ,江苏省南京市鼓楼区中山北路215号中商万豪...,4008-659-600,,
南京坤艮建筑装饰工程有限公司            ,江宁区黄金海岸二区1栋117室,4008-659-600,,
北京百度装饰公司江苏分公司            ,南京市中山南路89号(江苏文化大厦),4008-659-600,,
新月装饰有限公司            ,秣陵,4008-659-600,,
业之峰装饰有限公司            ,虎踞南路9号,4008-659-600,,
南京界点建筑装饰公司            ,浦口区大桥北路旭日华庭金棕榈11栋1单元2...,4008-659-600,,
兴达门窗有限公司            ,雨花区铁心桥江艺路27-15,4008-659-600,,
南京新景装饰            ,江宁区上坊镇长城装饰城,4008-659-600,,
南京瑞林达装饰工程有限公司            ,南京市华辰大厦1504-D,4008-659-600,,
好管家装饰工程有限公司            ,龙蟠中路317号达美御园南6楼大中桥加油站...,4008-659-600,,
筑穹电器销售有限公司            ,江宁黄金海岸翠文路67号,4008-659-600,,
南京恒丰门业            ,南京市石门坎装饰大世界东一厅二楼29号,4008-659-600,,
南京易之圆装饰            ,南京市浦口泰山新村泰西路浦东大厦801室,4008-659-600,,
南京乐合家装饰设计工程有限公司            ,南京浦口大桥北路弘阳大厦921,4008-659-600,,
南京惠百氏装饰工程有限公司            ,南京市集庆门大街台园18幢63号,4008-659-600,,
南京元创装饰工程有限公司            ,南京江宁万达广场F座2206,4008-659-600,,
南京万紫千红装饰工程有限公司            ,,4008-659-600,,
南京鹿琼装饰设计有限公司            ,南京市大桥北路1号华侨广场1708室,4008-659-600,,
南京伟业工程装修拆除            ,南京建邺区应天大街,4008-659-600,,
北京紫名都装饰公司南京分公司            ,南京市浦口区明发滨江新城二期251幢112...,4008-659-600,,
南京城艺友装饰            ,南京市下关区金陵小区6村16号2单元102,4008-659-600,,
南京汇锦装饰股份有限公司            ,龙蟠路9号兴隆大厦10f,4008-659-600,,
南京鼎享实业有限责任公司            ,南京市鼓楼区新模范马路92号5楼,4008-659-600,,
南京欧靓装饰设计商务网            ,南京市节制闸路62,4008-659-600,,
南京鼎享实业有限责任公司            ,南京市鼓楼区新模范马路92号5楼,4008-659-600,,
北京大业美家家居装饰有限公司南京分公司            ,南京市鼓楼区石头城路6号石榴财智中心15栋,4008-659-600,,
大厂创佳门窗制作            ,大厂葛中路537号,4008-659-600,,
南京筑成装饰工程有限公司            ,,4008-659-600,,
橙果空间装饰设计公司            ,南京市秦淮区升州路385号升州商务2楼D座,4008-659-600,,
南京全鑫装饰工程有限责任公司            ,南京市雨花区虹悦城2幢1206室,4008-659-600,,
尚源易馨装饰责任有限公司            ,南京新街口阳光大厦24楼D3室,4008-659-600,,
南京博语装饰工程有限公司            ,南京市玄武区华银路19号,4008-659-600,,
祥瑞装横有限公司            ,中山南路,4008-659-600,,
欧宝装饰工程有限公司            ,南京市建邺区江东中路128号,4008-659-600,,
南京业之星装饰工程有限公司            ,南京市太平南路2号日月大厦27F,4008-659-600,,
南京好再来装饰            ,玄武区紫峰一号,4008-659-600,,
南京企宏装饰工程有限公司            ,南京市建邺区云锦路万达金街（天桥旁）,4008-659-600,,
家人装饰服务部            ,浦口区新马路443号（浦口公园向北，环卫所...,4008-659-600,,
南京跃腾装饰有限公司            ,南京威尼斯水城,4008-659-600,,
苏州筑福装饰有限公司            ,,4008-659-600,,
南京浦居装饰工程有限公司            ,浦口区江浦街道珠泉路3号,4008-659-600,,
江苏八斗才装饰工程有限公司            ,龙蟠中路318号,4008-659-600,,
南京塞维斯建筑科技有限公司            ,南京市江宁区万安东路115号,4008-659-600,,
南京赛丽雅装饰工程有限公司            ,南京市建邺区奥体丹枫园,4008-659-600,,
金玉彩堂室内设计装饰            ,南京市六合区雄州西路文博家园向南门面3-0...,4008-659-600,,
南京东诚铭装饰设计有限公司            ,南京江宁分公司天元东路228号苹果都市B座...,4008-659-600,,
景悠-悠悠装饰            ,公司地址:珠江路67号华利国际大厦2102...,4008-659-600,,
亿烨装饰安装工程有限公司            ,麒麟门 东方红郡,4008-659-600,,
浦口储师傅装修团队            ,南京，浦口，汤泉,4008-659-600,,
铂色方元装饰工程有限公司            ,南京市浦口桥北客运站对面弘扬大厦1405,4008-659-600,,
南京佳诺装饰工程有限公司            ,,4008-659-600,,
南京千和装饰工程有限公司            ,南京市秦淮区建邺路98号鸿信大厦8楼,4008-659-600,,
祥瑞装横有限公司            ,中山南路,4008-659-600,,
南京业之星装饰工程有限公司            ,南京市太平南路2号日月大厦27F,4008-659-600,,
南京好再来装饰            ,玄武区紫峰一号,4008-659-600,,
南通宇华装饰有限公司南京分公司            ,建邺区水西门大街135号7单元102室,4008-659-600,,
鸿冰装饰公司            ,南京市玄武区,4008-659-600,,
南京名满装饰            ,南京大厂园西路185号,4008-659-600,,
南京居吉室内装饰            ,江宁区竹山路岗山超市潭西路155号,4008-659-600,,
南京定宏建筑装饰工程队            ,,4008-659-600,,
南京企宏装饰工程有限公司            ,南京市建邺区云锦路万达金街（天桥旁）,4008-659-600,,
为家装饰公司            ,,4008-659-600,,
江苏星汇装饰工程有限公司            ,南京市建邺区虎踞南路49号 银翔商务4楼,4008-659-600,,
南京秀锋环境装饰工程有限公司            ,南京市栖霞区迈皋桥长营村144号,4008-659-600,,
南京跃腾装饰有限公司            ,南京威尼斯水城,4008-659-600,,
南京浦居装饰工程有限公司            ,浦口区江浦街道珠泉路3号,4008-659-600,,
江苏八斗才装饰工程有限公司            ,龙蟠中路318号,4008-659-600,,
老张家居装修设计            ,,4008-659-600,,
南京城艺友装饰            ,南京市下关区金陵小区6村16号2单元102,4008-659-600,,
南京艾瑞尔装饰材料有限公司            ,江苏省南京市江宁区天元东路228号,4008-659-600,,
上海乐扬装饰设计工程有限公司            ,江宁天元东路228号莱茵铂郡大厦1416,4008-659-600,,
南京悦恒装饰            ,国贸大厦30楼,4008-659-600,,
泥巴公社装饰公司            ,,4008-659-600,,
南京栖喜装饰设计工程有限公司            ,秦淮区虎踞南路96号三楼(老江苏鞋城),4008-659-600,,
南京尚层装饰            ,南京市鼓楼区清江苏宁广场33层,4008-659-600,,
南京名工坊装饰工程有限公司            ,,4008-659-600,,
南京美美家装饰工程有限公司            ,,4008-659-600,,
南京元洲品界大宅设计            ,南京河西万达B座,4008-659-600,,
南京柏宇装饰工程有限公司            ,南京市建邺区黄山路12号盛世公馆518室,4008-659-600,,
南京名舟建筑装饰工程有限公司            ,,4008-659-600,,
南京超翰数控设备有限公司            ,南京溧水区洪蓝工业园华塘路5号,4008-659-600,,
南京亿达天装饰工程有限公司            ,,4008-659-600,,
南京东锦装饰有限公司            ,南京江宁区麒麟门天赋广场20栋309,4008-659-600,,
藏族自治州            ,,4008-659-600,,
当家装饰            ,,4008-659-600,,
舒心装饰设计有限公司            ,,4008-659-600,,
南京居联饰家装饰公司            ,,4008-659-600,,
南京邦乐装饰工程有限公司            ,江宁区融侨世家14栋219室。,4008-659-600,,
南京御尚装饰工程有限公司            ,南京市建邺区万达东坊1栋1518,4008-659-600,,
南京众阁装饰工程有限公司            ,南京秦淮区光华路156号星展大厦1栋601,4008-659-600,,
南京栖喜装饰设计工程有限公司            ,秦淮区虎踞南路96号三楼(老江苏鞋城),4008-659-600,,
南京宝来装饰            ,,4008-659-600,,
好手艺精品装饰            ,,4008-659-600,,
南京易安装饰工程有限公司            ,南京市江宁区东山街道滨河街区,4008-659-600,,
南京名工坊装饰工程有限公司            ,,4008-659-600,,
南京美美家装饰工程有限公司            ,,4008-659-600,,
南京元洲品界大宅设计            ,南京河西万达B座,4008-659-600,,
江苏君望装饰设计有限公司            ,,4008-659-600,,
南京豪舒装饰有限公司            ,,4008-659-600,,
南京盛亚谦装饰工程有限公司            ,,4008-659-600,,
南京锦紫苏建筑装饰工程有限公司            ,南京市建邺区双闸路98号海峡城5栋505,4008-659-600,,
南京维朗盾门窗有限公司            ,,4008-659-600,,
泥巴公社装饰公司            ,,4008-659-600,,
南京尚层装饰            ,南京市鼓楼区清江苏宁广场33层,4008-659-600,,
南京壹品空间装饰工程有限公司            ,,4008-659-600,,
南京美界装饰有限公司            ,,4008-659-600,,
南京宁鹰港装饰工程有限公司            ,,4008-659-600,,
南京置青春装饰公司            ,,4008-659-600,,
南京亿达天装饰工程有限公司            ,,4008-659-600,,
南京东锦装饰有限公司            ,南京江宁区麒麟门天赋广场20栋309,4008-659-600,,
南京御尚装饰工程有限公司            ,南京市建邺区万达东坊1栋1518,4008-659-600,,
藏族自治州            ,,4008-659-600,,
当家装饰            ,,4008-659-600,,
舒心装饰设计有限公司            ,,4008-659-600,,
南京栖喜装饰设计工程有限公司            ,秦淮区虎踞南路96号三楼(老江苏鞋城),4008-659-600,,
南京好军事门窗工程有限公司            ,南京市浦口区大桥北路弘扬骏馆,4008-659-600,,
南京名工坊装饰工程有限公司            ,,4008-659-600,,
江苏东大园装饰安装工程有限公司            ,,4008-659-600,,
南京良天装饰工程有限公司            ,南京市雨花台区凤台南路152号中舜.赛虹桥...,4008-659-600,,
江苏君望装饰设计有限公司            ,,4008-659-600,,
南京豪舒装饰有限公司            ,,4008-659-600,,
南京盛亚谦装饰工程有限公司            ,,4008-659-600,,
南京居联饰家装饰公司            ,,4008-659-600,,
泥巴公社装饰公司            ,,4008-659-600,,
南京尚层装饰            ,南京市鼓楼区清江苏宁广场33层,4008-659-600,,
南京壹品空间装饰工程有限公司            ,,4008-659-600,,
南京宁鹰港装饰工程有限公司            ,,4008-659-600,,
南京一恒装饰工程有限公司            ,南京市栖霞区联珠村71-2,4008-659-600,,
南京爱上家装饰工程有限公司            ,,4008-659-600,,
南京邦乐装饰工程有限公司            ,江宁区融侨世家14栋219室。,4008-659-600,,
南京置青春装饰公司            ,,4008-659-600,,
鲁公大宅装饰公司            ,南京市鼓楼区新模范马路66号南邮大厦5楼,4008-659-600,,
南京御尚装饰工程有限公司            ,南京市建邺区万达东坊1栋1518,4008-659-600,,
南京众阁装饰工程有限公司            ,南京秦淮区光华路156号星展大厦1栋601,4008-659-600,,
南京时时洁装饰工程有限公司            ,南京市建邺区云锦路万达金街14栋302室,4008-659-600,,
南京悦格装饰工程有限公司            ,南京市浦口区大桥北路20号江畔明珠广场,4008-659-600,,
南京家最美装饰工程有限公司            ,玄武区傅厚岗1号富升大厦1508室,4008-659-600,,
南京锦全装饰工程有限公司            ,南京市中山北路219号宏图大厦801,4008-659-600,,
南京生活家装饰工程有限公司            ,南京市建邺区奥体大街177号奥体南门,4008-659-600,,
南京威登建筑装饰工程有限公司            ,南京市中山南路321号现代大厦1302B,4008-659-600,,
南京意柏年建筑装饰设计工程有限公司            ,南京市建邺区梦都大街130号奥体北门富贵俏...,4008-659-600,,
南京金尚装饰工程有限公司            ,南京市浦口区大桥北路20号江畔明珠广场金尚...,4008-659-600,,
南京新爱华装饰有限责任公司            ,南京玄武区北京东路22号和平大厦13楼,4008-659-600,,
南京冠全装饰工程有限公司            ,南京市玄武区中央路258-27号新立基大厦...,4008-659-600,,
南京壹文装饰工程有限公司            ,南京建邺区万达金街西区10栋212室,4008-659-600,,
南京豪舒装饰有限公司            ,南京市浦口区浦珠南路26号紫晶龙华广场1栋...,4008-659-600,,
南京龙佰装饰工程有限公司            ,南京市中山北路217号龙吟广场A单元280...,4008-659-600,,
南京博强装饰设计工程有限公司            ,南京市广州路随园大厦7楼,4008-659-600,,
南京多百装饰工程有限公司            ,白下区中山南路321号现代大厦1608室,4008-659-600,,
南京京合建志洋装饰工程有限公司            ,南京市建邺区汉中门大街123号知海大厦7层,4008-659-600,,
南京名乐装饰工程有限公司            ,南京市浦口区大桥北路9号弘阳大厦1819室,4008-659-600,,
本木装饰工程有限公司            ,建邺区江东中路118号德盈大厦701室（地...,4008-659-600,,
南京爱仕巢装饰工程有限公司            ,南京市鼓楼区龙园西路裕顺雅苑14号,4008-659-600,,
南京罄雅装饰工程有限公司            ,南京白下区大光路188号锦江丽舍1615室,4008-659-600,,
南京八马装饰工程有限公司            ,南京市浦口威尼斯水城11街区,4008-659-600,,
南京国秀装饰工程有限公司            ,南京市龙蟠中路317号(达美御园北门),4008-659-600,,
南京恒儒信装饰工程有限公司            ,南京市玄武区长江路188号德基大厦7楼C座,4008-659-600,,
南京迈高装饰设计工程有限公司            ,南京市白下区中山南路321号现代大厦300...,4008-659-600,,
南京美全装饰工程有限公司            ,南京中央路323号利奥大厦2305室,4008-659-600,,
南京美汇美装饰设计工程有限公司            ,南京市集庆路198号江苏通信大厦四楼 ,4008-659-600,,
南京多特装饰工程有限公司            ,大行宫地铁3号出口长安国际中心8楼,4008-659-600,,
南京苹果装饰工程有限公司            ,南京市秦淮区虎踞南路96号江苏鞋城,4008-659-600,,
南京多莱米装饰工程有限公司            ,云锦路58号万达广场东坊一街区7幢538室,4008-659-600,,
南京红海牛装饰工程有限公司            ,江宁区上元大街35号(河定桥地铁2号口东2...,4008-659-600,,
鹿琼装饰公司            ,南京市浦口区大桥北路1号华侨广场1307室,4008-659-600,,
南京嘉泽装饰工程有限公司            ,南京市栖霞区和燕路251号金港大厦B座18...,4008-659-600,,
南京亿达天装饰工程有限公司            ,五台山一号丰汇大厦26楼C座,4008-659-600,,
南京裕隆阁装饰工程有限公司            ,南京市鼓楼区建宁路61号中央金地C栋140...,4008-659-600,,
南京圣春鸣装饰工程有限公司            ,南京市鼓楼区集庆门大街268号苏宁慧谷2-...,4008-659-600,,
南京儒佳装饰工程有限公司            ,南京市江宁区金轮星光名座4栋305室,4008-659-600,,
南京雅舍装饰工程有限公司            ,秦淮区延龄巷2号东渡大厦北楼701室,4008-659-600,,
南京东一阁装饰设计有限公司            ,大桥北路48号弘阳广场A2馆负1层F000...,4008-659-600,,
南京艾格瑞装饰工程有限公司            ,南京市鼓楼区先锋广场930室,4008-659-600,,
南京康之派装饰工程有限公司            ,南京市栖霞区和燕路408号晓庄国际广场1栋...,4008-659-600,,
南京凯高装饰工程有限公司            ,浦口区桥北路1号华侨广场1904室,4008-659-600,,
南京易园装饰工程有限公司            ,江宁区天印大道地铁站向东100米天印慧谷1...,4008-659-600,,
南京尚诚壹信装饰设计工程有限公司            ,南京市浦口区浦珠南路26号紫晶龙华广场2幢...,4008-659-600,,
南京乐融装饰工程有限公司            ,江苏南京雨花台区长虹路222号德盈国际广场...,4008-659-600,,
南京国宁装饰工程有限公司            ,浦口区华山桥对面江城大厦3楼整层,4008-659-600,,
南京聚馨阁装饰工程有限公司            ,江苏省南京市秦淮区龙蟠中路418-3号,4008-659-600,,
南京置青春网络科技有限公司            ,秦淮区国际贸易中心B座14层B3-B5,4008-659-600,,
南京天合居国际装饰事务所            ,南京市江宁区天元中路128号诚基大厦2幢3...,4008-659-600,,
南京瀚居装饰设计有限公司            ,南京市鼓楼区虎踞北路10-2号3楼312室,4008-659-600,,
江苏柏丽装饰工程有限公司            ,秦淮区洋珠巷54号3楼,4008-659-600,,
南京金唐装饰设计工程有限责任公司            ,南京市定淮门大街6号民生花园C幢2单元20...,4008-659-600,,
南京分公司            ,南京鼓楼区,4008-659-600,,
实创装饰工程江苏有限公司            ,南京市新街口中山东路145号全民健身中心5...,4008-659-600,,
北京克洛尼装饰南京分公司            ,天元东路513号(天印大道地铁站西150米...,4008-659-600,,
南京翔韵装饰设计工程有限公司            ,雨花台区明发商业广场2-53007.(3号...,4008-659-600,,
南京标杰建筑装饰工程有限公司            ,南京市白下区洪武路267号洪武大厦1603...,4008-659-600,,
南京百水合装饰工程有限公司            ,南京市建邺区水西门大街249号千峰彩翠大厦...,4008-659-600,,
南京苏奥装饰工程有限公司            ,南京市中山南路321号现代大厦2605室,4008-659-600,,
南京幻鸣居装饰工程有限公司            ,南京市江宁区天元中路128号诚基名苑2幢6...,4008-659-600,,
南京秀居装饰工程有限公司            ,南京市大桥北路华侨银座505室,4008-659-600,,
CNY空间设计机构            ,南京市建邺区江东中路301号奥体名座F座四...,4008-659-600,,
 南京云居装饰工程有限公司            ,南京市浦口区大桥北路9号弘阳大厦1616—...,4008-659-600,,
南京伊善和装饰工程有限公司            ,南京市建邺区万达金街西区10栋3楼337室,4008-659-600,,
金陵云家居            ,雨花西路9号,4008-659-600,,
南京金手匠建筑装饰工程有限公司            ,南京市大光路188号锦江丽舍1906室,4008-659-600,,
南京旭尊装饰工程有限公司            ,江宁区上坊镇万安东路87号秣陵街道陵里工业...,4008-659-600,,
南京王贵平装饰工程有限公司            ,南京市鼓楼区中央北路185号1618,4008-659-600,,
南京置青春装饰            ,,4008-659-600,,
南京弄堂里装饰工程有限公司            ,建邺区乐基广场1栋705室,4008-659-600,,
南京展驰装饰工程有限公司            ,鼓楼区中山北路105号（军人俱乐部内）中环...,4008-659-600,,
南京腾皇建筑装饰设计工程有限公司            ,南京市江宁区龙眠大道688号天正天御溪岸商...,4008-659-600,,
南京瑞林达装饰有限公司 ,新街口沈举人19号长发华辰大厦1805室,17702508973,58719477,
南京瑞林达装饰有限公司 ,新街口沈举人19号长发华辰大厦1805室,17702508973,58719477,
南京凯典装饰工程有限公司 ,南京市雨花台区德盈国际广场3栋27楼,13611586377,89616076,
南京古兰装饰工程有限公司 ,建邺区凤栖苑130号,13913885909,86669658,
南京创品装饰工程有限公司 ,江苏省南京市江宁区岔路口宏运大道山水方舟门...,13770631218,84964393,
南京典居圣装饰工程有限公司 ,南京市栖霞区晓庄国际广场1-923,13951867609,86607833,
江苏鲁公大宅装饰工程有限公司 ,南京市鼓楼区新模范马路,15895990926,85974251,
广东星艺装饰集团南京有限公司 ,南京市建邺区江东中路146-1号,13770550561,85953980,
南京帝景装饰工程有限公司 ,南京市建邺区应天大街772号1栋508室,18114462814,86612289,
南京青松装饰工程有限公司 ,天元东路228号莱茵量子国际大厦14楼,13605155113,84121685,
速美集家装饰有限责任公司南京分公司 ,江苏省南京市江宁区高新园天元东路547号天...,15251822418,400-156-1885,
南京六都装饰工程有限公司 ,南京市江宁区上元大街238号四楼,18502516336,52695936,
南京锦华装饰            ,汉中路180号星汉大厦23楼 ,4008-659-600,,
南京港中装饰设计工程有限公司            ,南京中山东路218号长安国际中心1502室,4008-659-600,,
南京恒安装饰设计工程有限公司            ,南京市洪武路267号洪武大厦1006室(户...,4008-659-600,,
南京九旗建筑装饰工程有限公司            ,南京市桥北弘阳大厦1812~1814室,4008-659-600,,
南京瑞晶装饰工程有限公司            ,南京市江宁区金箔路624号（工商局向东20...,4008-659-600,,
南京华标·金月亮装饰工程有限公司            ,南京市(1)山西路世贸中心大厦a1座231...,4008-659-600,,
南京集庭装饰工程有限公司            ,南京市白下区大光路188号锦江丽舍920室,4008-659-600,,
南京梵池装饰工程有限公司            ,南京市建邺区江东中路186号宏普捷座512,4008-659-600,,
南京千禧龙装饰有限公司            ,王府大街63号中泰南楼4楼412,4008-659-600,,
南京禾地建筑装饰工程有限公司            ,南京市江东中路76号五洲装饰城三楼,4008-659-600,,
江苏亚伟装饰工程有限公司            ,南京市中山南路89号江苏文化大厦15楼c座,4008-659-600,,
南京蒙塔尼装饰工程有限公司            ,南京市江宁区万达广场A座1405室,4008-659-600,,
南京飞奥装饰公司            ,南京中山南路现代大厦317号2003,4008-659-600,,
南京乾佑御璜建筑装饰工程有限公司            ,江苏省南京市白下区中山东路300号长发cf...,4008-659-600,,
南京秀米装修公司            ,南京市玄武区中央北路230,4008-659-600,,
南京元洲●品界大宅设计            ,河西万达B座,4008-659-600,,
南京天作装饰工程有限公司            ,南京大桥北路9号弘阳大厦909室,4008-659-600,,
南京居联峰尚装饰有限公司            ,江宁区天印大道880号,4008-659-600,,
江苏钟凯丽装饰工程有限公司            ,1,4008-659-600,,
南京矶米装饰设计            ,南京市鼓楼区阅江楼街道江边路30-3室,4008-659-600,,
木桃盒子室内设计有限公司            ,南京市江宁区百家湖湖滨路77号,4008-659-600,,
南京焦点装饰设计工程有限公司            ,南京市白下区光华路2号鑫园12幢106门面...,4008-659-600,,
高度国际装饰设计集团南京分公司            ,鼓楼区集庆门大街268号苏宁慧谷E07-1...,4008-659-600,,
广东星艺装饰有限公司            ,南京市鼓楼区山西路金山大厦B座11楼A+G...,4008-659-600,,
南京艺仟装饰工程有限公司            ,南京市鼓楼区中山北路188号,4008-659-600,,
斯勃克舒适家居            ,卡子门大街88号石林家乐家,4008-659-600,,
南京摩宇装饰工程有限公司            ,南京市和燕路251号金港大厦B座2102室,4008-659-600,,
南京品界大宅            ,南京河西万达B座,4008-659-600,,
金蜗牛装饰工程有限公司            ,浦口区迎江路59号海德北岸广场商铺02号(...,4008-659-600,,
雅士居装饰工程公司            ,,4008-659-600,,
南京伟石装饰工程有限公司            ,岔路口鑫泰国际广场1幢1003室,4008-659-600,,
南京龙耀装饰工程有限公司            ,雨花台区长虹路德盈国际广场,4008-659-600,,
居居装饰工程有限公司            ,南京市鼓楼区江东北路清江苏宁广场1913,4008-659-600,,
南京紫凌轩装饰工程有限公司            ,南京市江宁区天元东路228号莱茵铂郡614,4008-659-600,,
幻居装饰设计工程有限公司            ,南京雨花台雨花西路258号明门公寓1栋80...,4008-659-600,,
南京楚居装饰有限公司            ,南京浦口区苏宁环球天润广场北侧50米,4008-659-600,,
南京品界大宅设计            ,建邺区河西万达B座,4008-659-600,,
南京欧鹰装饰设计工程有限公司            ,南京市户部街33号天之都大厦1112室,4008-659-600,,
南京全鑫装饰工程有限责任公司            ,南京市雨花台区德盈国际广场虹悦城2栋(12...,4008-659-600,,
南京红庭装饰工程有限公司            ,南京市鼓楼区中央路417号先锋广场1325...,4008-659-600,,
江苏天原工创装饰设计工程有限公司            ,江苏南京建邺河西万达广场E幢3106,4008-659-600,,
北京龙发装饰南京分公司            ,南京市白下区中山南路315号瑞华大厦2楼,4008-659-600,,
沙龙装饰工程（南通）有限公司南京分公司            ,南京市江宁区天印大道1299号7-106室...,4008-659-600,,
南京洪川建筑装饰设计有限公司            ,南京市江宁区湖山路419号,4008-659-600,,
南京锦盈源装饰工程有限公司            ,南京市鼓楼区中央路417号先锋广场514,4008-659-600,,
香港鼎匠国际设计有限公司南京分公司            ,南京市中山东路198号1708室,4008-659-600,,
南京天阁装饰工程有限公司            ,南京市浦口区浦珠北路澳林购物广场国美电器楼...,4008-659-600,,
南京酷客装饰工程有限公司            ,南京市中山南路360号同坤大厦17楼,4008-659-600,,
北京大业美家家居装饰有限公司南京分公司            ,南京市秦淮区太平南路297号江苏饭店9楼,4008-659-600,,
南京鑫亦恒机电设备有限公司            ,南京市鼓楼区虎踞路58号,4008-659-600,,
江苏雅仕居装饰工程有限公司            ,雨花区软件大道9-1宁南汽配城对面,4008-659-600,,
南京一号家居馆            ,玄武区中央路302号,4008-659-600,,
南京居秀装饰工程有限公司            ,建邺区兴隆大街,4008-659-600,,
南京龙宾装饰工程有限公司            ,江苏省南京市白下区常府街85号新大都广场甲...,4008-659-600,,
南京乾佑御璜建筑装饰工程有限公司            ,长发中心A座6楼,4008-659-600,,
明珠装饰有限公司            ,下关区幕府西路15号,4008-659-600,,
倍善信装饰工程有限公司            ,南京市江东北路301号滨江广场1棟6楼A座,4008-659-600,,
南京中陆装饰工程有限公司            ,江苏省南京市雨花台,4008-659-600,,
南京威登装饰工程有限公司            ,中华路50号,4008-659-600,,
南京立坤室内设计事务所            ,南京秦淮区光华路2号石林家居广场6007,4008-659-600,,
乐乐装修施工队            ,迈皋桥,4008-659-600,,
江苏红蚂蚁装饰设计工程有限公司南京分公司            ,南京建邺区云锦路万达东坊7幢36号,4008-659-600,,
南通包工-金洋口装饰            ,南京市建邺区万达东坊14栋405,4008-659-600,,
南京龙韩辉装饰工程有限公司            ,南京市中山南路369号盈嘉大夏1811室,4008-659-600,,
南京万之庭室内设计工作室            ,南京大桥北路9号弘阳骏管1701,4008-659-600,,
南京东诚铭装饰设计有限公司            ,南京市江宁区天元东路228号苹果都市大厦B...,4008-659-600,,
南京康友装饰工程有限公司            ,南京市浦口区大桥北路一号华侨银座A座903...,4008-659-600,,
南京臻典建筑装饰工程有限公司            ,南京市白下区洪武路267号洪武大厦706室,4008-659-600,,
江苏亚伟建筑装饰设计工程有限公司            ,南京新街口中山南路89号江苏文化大厦15楼...,4008-659-600,,
南京mt设计室            ,达美广场,4008-659-600,,
惠百氏装饰工程有限公司            ,南京市集庆门大街台园18幢63号,4008-659-600,,
南京黑蚁装修设计工程有限公司            ,南京市白下区五洲装饰城商务楼107,4008-659-600,,
南京浩荣装饰设计工程有限公司            ,浦口区弘阳公馆一号,4008-659-600,,
浩旭装饰工程有限公司            ,金盛国际家居3号厅机器码二楼,4008-659-600,,
南京君涛装饰工程有限公司            ,南京江宁区双龙大道829号瑞阳居01幢32...,4008-659-600,,
南京美洛美巢建筑设计有限公司            ,弘阳广场A2馆-1F 0059-0080号,4008-659-600,,
南京标杆装饰工程有限公司            ,南京市白下区光华路156号星展大厦A座61...,4008-659-600,,
南京金百易建筑装饰工程设计有限公司            ,鼓楼区  热河路50号,4008-659-600,,
陈工家装有限公司            ,南京市珠江路,4008-659-600,,
南京维宁装饰工程有限公司            ,南京桥北路9号弘阳大厦骏馆1724-172...,4008-659-600,,
刘波原创工作室            ,云锦路58号万达东坊7栋720,4008-659-600,,
江苏八斗才装饰工程有限公司            ,龙蟠中路318号金龙蟠家苑1栋1803室,4008-659-600,,
南京贵美装饰工程有限公司            ,南京市江宁区文心街,4008-659-600,,
专业家装团队            ,浦口区万润家园2-504,4008-659-600,,
南京九头鸟装饰工程公司            ,中山南路321号现代大厦2106室,4008-659-600,,
迪科达装饰工程有限公司            ,南京市中华路166号409室(地铁一号线三...,4008-659-600,,
top原创国际设计研究院            ,梦都大街建筑师工社708,4008-659-600,,
南京煦融装饰工程有限公司            ,南京市浦口区大桥北路9号弘阳大厦801室,4008-659-600,,
南京涛锦装饰工程有限公司            ,南京市秦淮区五洲装饰广场兆仑巷三楼,4008-659-600,,
南京帅创装饰设计工程有限公司            ,南京市太平南路151号魔方城市贵族公馆31...,4008-659-600,,
园亭居装饰公司            ,,4008-659-600,,
南京品家装饰工程有限公司            ,南京市建邺区南湖沿河街西祠街区（17-30...,4008-659-600,,
南京天原工创装饰设计工程有限公司            ,南京市建邺区万达西地二街区11栋3106,4008-659-600,,
南京中恩装饰工程有限公司            ,南京市锁金村83号公用金卡大厦3楼309室...,4008-659-600,,
南京中央空调，地暖，和暖            ,南京汉中门大街2号蔚蓝之都家园3栋1楼,4008-659-600,,
南京好军嫂门窗工程有限公司            ,南京市浦口区大桥北路弘扬骏馆,4008-659-600,,
南京六拓装饰工程有限公司            ,六合区花语馨苑上马石路41号,4008-659-600,,
南京易之轩装饰工程设计有限公司            ,南京市六合区金宁国际大厦19楼,4008-659-600,,
南京九头鸟装饰工程有限公司            ,中山南路321号现代大厦2106室,4008-659-600,,
韩耐家具有限公司            ,南京市秦淮区卡子门大街红星美凯龙,4008-659-600,,
南京砚钫在线科技有限公司            ,南京龙蟠路,4008-659-600,,
南京盘古石材有限公司            ,南京雨花区红太阳装饰城C1-204。C1-...,4008-659-600,,
正大石木装饰公司            ,南京市建邺区万达金街西区10栋252号,4008-659-600,,
南京大陆装饰工程有限公司            ,下关区建宁路亚都大厦805室,4008-659-600,,
南京妙诚装饰工程有限公司            ,天润城十街区商铺25--106,4008-659-600,,
南京尚观居装饰设计工程有限公司            ,南京市浦口区弘阳广场弘阳壹号A座916,4008-659-600,,
南京北贸装饰工程有限公司            ,南京市鼓楼区建宁路30号,4008-659-600,,
家福装饰工程            ,南京江宁上元大街,4008-659-600,,
南京金诺格建筑工程有限公司            ,南京市栖霞区马群新街9号,4008-659-600,,
南京点缀装饰工程有限公司            ,南京市栖霞区尧化门甘家边,4008-659-600,,
南京美沃办公家具设备有限公司            ,南京市浦口区花旗104国道旁,4008-659-600,,
南京洁雅装饰工程有限公司            ,南京市鼓楼区铁路北街182-8号,4008-659-600,,
金诚装饰有限公司            ,江苏南京,4008-659-600,,
南京逸年华装饰工程有限公司            ,珠江路688号卓越骇客天街1131-113...,4008-659-600,,
南京龙峰装饰工程有限公司            ,南京浦口区威尼斯水城九街区物业旁,4008-659-600,,
南京标杆装饰工程有限公司            ,南京市白下区星海路8 号,4008-659-600,,
南京大陆装饰工程有限公司            ,下关区建宁路亚都大厦805室,4008-659-600,,
南京尚观居装饰设计工程有限公司            ,南京市浦口区弘阳广场弘阳壹号A座916,4008-659-600,,
南京北贸装饰工程有限公司            ,南京市鼓楼区建宁路30号,4008-659-600,,
南京市点缀装饰工程有限公司            ,南京市栖霞区迈皋桥,4008-659-600,,
家福装饰工程            ,南京江宁上元大街,4008-659-600,,
南京妙诚装饰工程有限公司            ,天润城十街区商铺25--106,4008-659-600,,
桥北瑞云装饰公司            ,南京大桥北路9号弘扬大厦5F,4008-659-600,,
南京小伙伴装饰工程设计有限公司            ,南京市秦淮区龙蟠中路530-1号,4008-659-600,,
尚层装饰北京有限公司南京分公司            ,江东北路88号清江苏宁广场,4008-659-600,,
南京朝好装饰有限公司            ,南京市龙蟠中路311号达美广场1103室,4008-659-600,,
大邑建设装饰工程有限公司            ,南京江宁东山湖东路天元吉第城北门向东50米,4008-659-600,,
南京国晟建筑工程有限公司            ,南京市户部街33号天之都大厦2311室,4008-659-600,,
南京银燕装饰工程有限公司            ,南京江宁区双龙大道西侧，铂金水岸1幢416...,4008-659-600,,
撒旦发射范德萨发送            ,as范德萨,4008-659-600,,
南京景升装饰工程有限公司            ,南京市江宁区天元中路126号新城发展中心2...,4008-659-600,,
南京铭康建筑工程有限公司            ,南京大桥北路48号弘阳壹号1809室,4008-659-600,,
南京馨品诺装饰工程有限公司            ,南京市浦口弘阳壹号B座1016室,4008-659-600,,
荃盛装饰工程有限公司            ,,4008-659-600,,
南京艺爵软装饰设计工程有限公司            ,南京市雨花台区玉兰路19-01号,4008-659-600,,
北京嘉和日盛装饰南京分公司            ,建邺区集庆门大街33号  ,4008-659-600,,
荃盛装饰工程有限公司            ,,4008-659-600,,
南京九间堂装饰工程有限公司            ,南京市建邺区江东中路215号凤凰文化广场B...,4008-659-600,,
南京泉平装饰设计工程有限公司            ,南京市浦口区弘阳一号B座1011室,4008-659-600,,
南京昊桐装饰设计工程有限公司            ,南京市江宁区上元大街195号,4008-659-600,,
米瑞特装修公司            ,,4008-659-600,,
南京国屏光电科技有限公司            ,南京市玄武区月香路6号,4008-659-600,,
南京创品装饰工程有限公司            ,江苏省南京市江宁区岔路口宏运大道山水方舟门...,4008-659-600,,
南京终结者装饰设计工程有限公司            ,南京市雨花台区雨花西路258号(摩卡庄园酒...,4008-659-600,,
南京仲子路科技有限公司            ,江东北路97号鸿都大厦A座6楼,4008-659-600,,
南京庭之栋文化装饰设计工作室            ,新街口洪武北路,4008-659-600,,
南京寰宇装饰有限公司            ,南京市鼓楼区上海路,4008-659-600,,
南京同坤装饰工程有限公司            ,南京市大光路49号红鹰大厦905,4008-659-600,,
江苏齐装网络技术有限公司            ,南京玄武区,4008-659-600,,
南京典维装饰工程有限公司            ,南京市下关区幕府西路33号,4008-659-600,,
南京瑞云装饰工程有限公司            ,南京大桥北路9号弘阳大厦5楼,4008-659-600,,
齐装网有限公司            ,,4008-659-600,,
南京创腾装饰工程有限公司            ,秦淮区汇景路176号,4008-659-600,,
南京市业顺装饰公司            ,江苏南京江宁区东山,4008-659-600,,
南京面对面装饰有限公司            ,南京市玄武区南京建设规划展览馆一楼,4008-659-600,,
南京颂美装饰工程有限公司            ,浦口区天润城7街区东大门 ,4008-659-600,,
南京市业顺装饰公司            ,江苏南京江宁区东山,4008-659-600,,
南京全木建筑装饰工程有限公司            ,南京市白下区光华路石门坎115号五洲装饰城...,4008-659-600,,
南京弘宇装饰工程有限公司            ,,4008-659-600,,
南京欧亚特电子科技有限公司            ,南京市珠江路成贤街50号成贤大厦1308,4008-659-600,,
南京易居智能科技有限公司            ,南京雨花区玉兰路99号,4008-659-600,,
南京新欧靓装饰设计服务网            ,南京市大马路88,4008-659-600,,
装修水电改造            ,河定桥,4008-659-600,,
南京拓峰装饰工程有限公司            ,南京市玄武区珠江路新世界中心A座3001室,4008-659-600,,
南京龙腾装饰工程有限公司            ,南京市江宁区,4008-659-600,,
江苏八斗才装饰工程有限公司            ,,4008-659-600,,
南京终结者装饰设计公司            ,雨花西路258号,4008-659-600,,
南京索兰装饰有限公司            ,南京秦淮区明匙路杜克soho商务楼215室...,4008-659-600,,
南京汉邦柏森节能门窗            ,南京雨花台区,4008-659-600,,
起发永恒装饰公司            ,,4008-659-600,,
南京市红牛装饰            ,南京市秦淮区龙蟠中路458号 ,4008-659-600,,
南京宏栢建筑工程有限公司            ,南京市建邺区江东中路万达广场11栋22楼（...,4008-659-600,,
倍善信装饰工程有限公司            ,南京市江东北路滨江广场1栋6楼A座,4008-659-600,,
江苏雅仕居装饰工程有限公司            ,南京市雨花区软件大道9-1（花神美境小区南...,4008-659-600,,
南京卡迪装饰工程有限公司            ,南京市仙林大学城香樟园31栋14074,4008-659-600,,
南京鹿琼装饰设计有限公司            ,南京市白下区石鼓路华威大厦A座17楼,4008-659-600,,
南京荣泰装饰工程公司            ,南京市栖霞区尧化门尧辰路3号6-101,4008-659-600,,
南京北贸装饰工程有限公司            ,南京鼓楼区建宁路30号,4008-659-600,,
南京品家装饰工程有限公司            ,南京市建邺区茶亭东街79号西祠街区17栋3...,4008-659-600,,
南京美汇美装饰公司            ,南京市集庆路198号江苏通信大厦四楼,4008-659-600,,
南京壹号家信息科技有限公司            ,南京市鼓楼区中央路266号一号家居馆,4008-659-600,,
南京典美装饰工程有限公司            ,南京市白下区瑞金路48号瑞金大厦B座120...,4008-659-600,,
南京轩冉装饰工程有限公司            ,南京市和燕路408号晓庄国际广场2幢2单元...,4008-659-600,,
南京紫凌轩装饰设计有限公司            ,江宁区天元路228号莱茵铂郡614,4008-659-600,,
南京市面对面装饰公司            ,南京市玄武规划中心,4008-659-600,,
江苏星汇装饰工程有限公司            ,南京市建邺区虎踞南路49号 银翔商务4楼,4008-659-600,,
南京秀锋环境装饰工程有限公司            ,南京市栖霞区迈皋桥长营村144号,4008-659-600,,
南京黑鹰装饰工程有限公司            ,花园路12号,4008-659-600,,
南京标杆装饰            ,光华路156号星展大厦6f,4008-659-600,,
南京龙飞亚装饰工程有限公司            ,江宁区文静路,4008-659-600,,
南京前锋线建筑装饰工程有限公司            ,钟灵街50号省农科院内,4008-659-600,,
南京东诚铭装饰设计有限公司            ,南京江宁分公司天元东路228号苹果都市B座...,4008-659-600,,
亿烨装饰安装工程有限公司            ,麒麟门 东方红郡,4008-659-600,,
南京阿里巴巴装饰设计工程有限公司            ,南京市浦口区威尼斯水城十街区56-106商...,4008-659-600,,
凯尊装饰工程有限公司            ,南京市溧水区三小斜对面，新珍珠路58号,4008-659-600,,
南京创腾装饰工程有限公司            ,南京秦淮区夹岗汇景路176号,4008-659-600,,
南京钰一航建筑装饰工程股份有限公司            ,,4008-659-600,,
中保龙装饰公司            ,,4008-659-600,,
老乔装饰公司            ,南京市白下区,4008-659-600,,
南京市万家福装饰施工队            ,南京市雨花台西善桥,4008-659-600,,
南京绿维装饰有限公司            ,南京市上海路陶谷新村6-1号,4008-659-600,,
南京龙发装饰公司            ,南京市秦淮区瑞华大厦,4008-659-600,,
江苏亚伟建筑装饰设计工程有限公            ,中山南路89号江苏文化大厦,4008-659-600,,
南京龙峰装饰工程有限公司            ,南京桥北威尼斯水城十街区物业旁,4008-659-600,,
南京裕春装饰工程有限公司            ,柳州东路203号 威尼斯水城六街区一号商铺,4008-659-600,,
南京誉涛装饰工程有限公司            ,南京市高淳县经济开发区龙井路18号2栋,4008-659-600,,
南京艾瑞尔装饰材料有限公司            ,江苏省南京市江宁区天元东路228号,4008-659-600,,
上海乐扬装饰设计工程有限公司            ,江宁天元东路228号莱茵铂郡大厦1416,4008-659-600,,
南京悦恒装饰            ,国贸大厦30楼,4008-659-600,,
南京新支点装饰            ,新街口洪武路267号洪武大厦2101-06...,4008-659-600,,
巍然美汇美装饰公司            ,南京市秦淮区集庆路198号江苏通信大厦4楼,4008-659-600,,
南京南吉斯装饰有限公司            ,,4008-659-600,,
南京伟业工程装修拆除            ,南京建邺区应天大街,4008-659-600,,
北京紫名都装饰公司南京分公司            ,南京市浦口区明发滨江新城二期251幢112...,4008-659-600,,
南京城艺友装饰            ,南京市下关区金陵小区6村16号2单元102,4008-659-600,,
南京艾特斯艺术设计有限公司            ,南京市鼓楼区东宝路8号时代天地1幢1413...,4008-659-600,,
南京藤黄建筑装饰设计工程有限公司            ,,4008-659-600,,
南京尚境空间装饰工程有限公司            ,,4008-659-600,,
南京紫凌轩装饰设计有限公司            ,江宁区天元路228号莱茵铂郡614,4008-659-600,,
南京市面对面装饰公司            ,南京市玄武规划中心,4008-659-600,,
南京卡迪装饰工程有限公司            ,南京市仙林大学城香樟园31栋14074,4008-659-600,,
南京鹿琼装饰设计有限公司            ,南京市白下区石鼓路华威大厦A座17楼,4008-659-600,,
南京顺帆装潢有限公司            ,六合区,4008-659-600,,
南京佰康装潢装饰有限公司            ,南京市建邺区江东北路186号宏普捷座602...,4008-659-600,,
南京春之城装饰工程有限公司            ,南京市白下区石鼓路107号14层B座,4008-659-600,,
南京羽农家装有限公司            ,,4008-659-600,,
南京赛沃装饰有限公司            ,和燕路319号,4008-659-600,,
善装设计装饰有限公司            ,,4008-659-600,,
上海万久装潢公司            ,,4008-659-600,,
南京市雨花台区易艾装饰            ,雨花区西善桥,4008-659-600,,
辰龙装饰工程有限公司            ,江宁天元瑞沨名苑1栋1512室(竹山路地铁...,4008-659-600,,
南京顺吉家政服务            ,江宁区湖山路天景山公寓永福苑6幢1705,4008-659-600,,
南京亚纳装饰有限公司            ,南京市浦口区浦口大道1号总部大厦A座4层,4008-659-600,,
老张家居装修设计            ,,4008-659-600,,
南京天博龙装饰工程有限公司            ,南京市新街口石鼓路42号建华大厦1004室,4008-659-600,,
南京羽农家装有限公司            ,,4008-659-600,,
南京赛沃装饰有限公司            ,和燕路319号,4008-659-600,,
南京乐合家装饰设计工程有限公司            ,南京浦口大桥北路弘阳大厦921,4008-659-600,,
南京惠百氏装饰工程有限公司            ,南京市集庆门大街台园18幢63号,4008-659-600,,
子潇装饰有限公司            ,软件大道景明佳园,4008-659-600,,
南京恒润信装饰工程有限公司            ,南京玄武区长江路九号,4008-659-600,,
江苏烨坤装饰工程有限公司            ,南京市秦淮区大明路105--2号  秦淮创...,4008-659-600,,
南京市雨花台区易艾装饰            ,雨花区西善桥,4008-659-600,,
辰龙装饰工程有限公司            ,江宁天元瑞沨名苑1栋1512室(竹山路地铁...,4008-659-600,,
南京顺吉家政服务            ,江宁区湖山路天景山公寓永福苑6幢1705,4008-659-600,,
春豪家居一站式服务中心            ,南京高新区新城七栋五楼,4008-659-600,,
南京品胜装修有限公司            ,江苏省南京市,4008-659-600,,
南京恒乐装饰工程有限公司            ,南京市浦口区柳州东路天润城七街区50懂10...,4008-659-600,,
南京撩色饰家空间设计工作室            ,南京市中山北路215号中山万豪54楼543...,4008-659-600,,
南京荣泰装饰工程公司            ,南京市栖霞区尧化门尧辰路3号6-101,4008-659-600,,
南京北贸装饰工程有限公司            ,南京鼓楼区建宁路30号,4008-659-600,,
南京品家装饰工程有限公司            ,南京市建邺区茶亭东街79号西祠街区17栋3...,4008-659-600,,
南京美汇美装饰公司            ,南京市集庆路198号江苏通信大厦四楼,4008-659-600,,
南京乾佑御璜建筑装饰工程有限公司            ,大行宫中山东路300号长发CFC商业中心A...,4008-659-600,,
南京喜运装饰工程有限公司            ,秦淮区景泰苑,4008-659-600,,
南京美汇美装饰公司            ,南京市集庆路198号江苏通信大厦四楼,4008-659-600,,
南京乾佑御璜建筑装饰工程有限公司            ,大行宫中山东路300号长发CFC商业中心A...,4008-659-600,,
南京喜运装饰工程有限公司            ,秦淮区景泰苑,4008-659-600,,
南京美嘉装饰工程有限公司            ,南京市沿江开发区长冲新天地8-513,4008-659-600,,
南京棒棒家装有限公司            ,南京市栖霞区迈皋桥老街,4008-659-600,,
南京汇锦装饰股份有限公司            ,龙蟠路9号兴隆大厦10f,4008-659-600,,
南京鼎享实业有限责任公司            ,南京市鼓楼区新模范马路92号5楼,4008-659-600,,
南京锦全装饰工程有限公司            ,南京市中山北路219号宏图大厦1005,4008-659-600,,
南京元创装饰工程有限公司            ,,4008-659-600,,
南京高联装饰工程有限公司            ,白下区 中山东路 龙台大厦1820室,4008-659-600,,
南京九居装饰工程有限公司            ,江宁区 中国女人街 B区357号,4008-659-600,,
南京市诚信装饰有限公司            ,南京市中和桥路181号,4008-659-600,,
南京宸轲装饰工程有限公司            ,,4008-659-600,,
南京易园装饰工程有限公司            ,南京市江宁区秣陵街道天印大道1369号广博...,4008-659-600,,
南京喜满堂装饰工程有限公司            ,浦口区天润城十街区56幢106门面,4008-659-600,,
南京诚实装饰            ,浦口 - 江浦 天润城十三街区２５栋６０１...,4008-659-600,,
上海天羽空间设计南京分公司            ,南京河西万达广场四楼,4008-659-600,,
南京居吉室内装饰            ,江宁区竹山路岗山超市潭西路155号,4008-659-600,,
南京定宏建筑装饰工程队            ,,4008-659-600,,
江苏星汇装饰工程有限公司            ,南京市建邺区虎踞南路49号 银翔商务4楼,4008-659-600,,
南京秀锋环境装饰工程有限公司            ,南京市栖霞区迈皋桥长营村144号,4008-659-600,,
南京聚馨阁建筑装饰工程有限公司            ,白下区抄纸巷7号208室,4008-659-600,,
子潇装饰有限公司            ,软件大道景明佳园,4008-659-600,,
南京恒润信装饰工程有限公司            ,南京玄武区长江路九号,4008-659-600,,
江苏烨坤装饰工程有限公司            ,南京市秦淮区大明路105--2号  秦淮创...,4008-659-600,,
南京圣岛环境技术有限公司            ,南京市白下区洪武路359号福鑫国际大厦27...,4008-659-600,,
南京凯高装饰有限公司            ,南京市浦口区大桥北路1号华侨广场19楼19...,4008-659-600,,
南京百圣百装饰工程有限公司            ,南京市鼓楼区湖南路马台街70号1号楼2楼,4008-659-600,,
浦口储师傅装修团队            ,南京，浦口，汤泉,4008-659-600,,
南京帅创装饰设计工程有限公司            ,南京市雨花区双闸街道天后村292-1号,4008-659-600,,
南京佳林装饰            ,,4008-659-600,,
南京隆宸装饰工程有限公司            ,,4008-659-600,,
南京帅创装饰设计工程有限公司            ,南京市雨花区双闸街道天后村292-1号,4008-659-600,,
南京荣泰装饰工程公司            ,南京市栖霞区尧化门尧辰路3号6-101,4008-659-600,,
南京北贸装饰工程有限公司            ,南京鼓楼区建宁路30号,4008-659-600,,
南京品家装饰工程有限公司            ,南京市建邺区茶亭东街79号西祠街区17栋3...,4008-659-600,,
南京美汇美装饰公司            ,南京市集庆路198号江苏通信大厦四楼,4008-659-600,,
南京骏邦建筑工程有限公司            ,南京市栖霞区尧新大道16号,4008-659-600,,
南京黑蚁装饰设计工程有限公司            ,白下区石门坎五洲装饰城商务楼107,4008-659-600,,
南京全鑫装饰工程有限责任公司            ,南京市雨花区虹悦城2幢1206室,4008-659-600,,
南京黑鹰装饰工程有限公司            ,花园路12号,4008-659-600,,
南京标杆装饰            ,光华路156号星展大厦6f,4008-659-600,,
南京东诚铭装饰设计有限公司            ,南京江宁分公司天元东路228号苹果都市B座...,4008-659-600,,
亿烨装饰安装工程有限公司            ,麒麟门 东方红郡,4008-659-600,,
南京阿里巴巴装饰设计工程有限公司            ,南京市浦口区威尼斯水城十街区56-106商...,4008-659-600,,
南京锦禾建筑装饰这个数            ,南京市六合区文峰路110号,4008-659-600,,
南京一线天装饰有限公司            ,江宁秣陵街道龙眠大道618号,4008-659-600,,
南京实创工程江苏有限公司            ,南京玄武区中山东路145号全名健身中心5层,4008-659-600,,
南京朗风冷暖设备有限公司            ,南京市江宁区玉树路88号文鼎雅苑6栋109,4008-659-600,,
南京猎金装饰工程有限公司            ,南京市江宁区河定桥江宁交通运输局旁,4008-659-600,,
南京壹号家信息科技有限公司            ,南京市浦口区大桥北路逗号广场1号,4008-659-600,,
凯尊装饰工程有限公司            ,南京市溧水区三小斜对面，新珍珠路58号,4008-659-600,,
深美装饰涌现公司            ,南京江宁区,4008-659-600,,
南京鼎享实业有限责任公司            ,南京新模范马路92号5楼,4008-659-600,,
南京金殿堂装饰工程有限公司            ,江苏南京雨花区,4008-659-600,,
南京百思乐装饰工程有限公司            ,江苏省•南京市•白下区龙蟠中路317号达美...,4008-659-600,,
瑞祥佳艺建筑工程有限公司            ,南京市新街口中山东路9号天时国际商贸中心1...,4008-659-600,,
江苏雅士居装修工程有限公司            ,软件大道9号,4008-659-600,,
艺洋装饰工程有限公司            ,,4008-659-600,,
铂色方元装饰工程有限公司            ,南京市浦口桥北客运站对面弘扬大厦1405,4008-659-600,,
南京大众装饰            ,,4008-659-600,,
南京鹿琼装饰设计有限公司            ,南京市大桥北路1号华侨广场1708室,4008-659-600,,
达梦居装修工程有限公司            ,迈化路新城尚坐4-11,4008-659-600,,
南京艺文昕装饰工程有限公司            ,,4008-659-600,,
南京江浩装饰有限公司            ,南京鼓楼区滨江花园,4008-659-600,,
多玛自动门有限公司            ,南京市高新经济技术开发区288号,4008-659-600,,
北京大业美家家居装饰有限公司南京分公司            ,南京市鼓楼区石头城路6号石榴财智中心15栋,4008-659-600,,
南京汉拓装饰有限公司            ,江苏省南京市江宁区天元中路诚基大厦2幢60...,4008-659-600,,
南京新起点窗帘布艺            ,南京金盛百货迈皋桥3楼081,082,4008-659-600,,
加勉装饰工程有限公司            ,孝陵卫佳城花园,4008-659-600,,
南京棒棒家装有限公司            ,南京市栖霞区迈皋桥老街,4008-659-600,,
南京悦鑫装饰工程有限公司            ,天元东路228号苹果都市1-109（天印大...,4008-659-600,,
南京金御阁装饰工程有限公司            ,南京市浦口区大桥北路9号弘阳大厦骏馆141...,4008-659-600,,
南京万冲建筑装饰有限公司            ,南京市秦淮区大明路,4008-659-600,,
南京秀锋木业有限公司            ,南京迈皋桥长营村144号,4008-659-600,,
卓越装饰公司            ,浦口区浦珠北路129号万江地和苑,4008-659-600,,
南京卓阁建筑装饰工程有限公司            ,南京市石门坎现代大厦,4008-659-600,,
南京海尚装饰有限公司            ,南京市栖霞寅春路78号,4008-659-600,,
南京吉安装饰有限公司            ,南京市白下区太平南路137号美好商务203...,4008-659-600,,
元洲装饰南京分公司            ,新街口国际贸易中心7楼,4008-659-600,,
自动化装饰有限公司            ,,4008-659-600,,
南京隆赛装饰工程有限公司            ,南京市中山北路95号江苏议事园大厦,4008-659-600,,
南京筑成装饰工程有限公司            ,,4008-659-600,,
职呼直通            ,,4008-659-600,,
南京悦鑫装饰工程有限公司            ,天元东路228号苹果都市1-109（天印大...,4008-659-600,,
南京金御阁装饰工程有限公司            ,南京市浦口区大桥北路9号弘阳大厦骏馆141...,4008-659-600,,
南京秀锋木业有限公司            ,南京迈皋桥长营村144号,4008-659-600,,
南京卓阁建筑装饰工程有限公司            ,南京市石门坎现代大厦,4008-659-600,,
南京豪杰装修            ,南京市溧水县永阳镇,4008-659-600,,
南京唐风宋韵装饰工程配套有限公司            ,南京市下关区中央北路小市新村451号,4008-659-600,,
南京鼎享实业有限责任公司            ,南京市鼓楼区新模范马路92号5楼,4008-659-600,,
弘扬装饰工程            ,,4008-659-600,,
南京尊兴建筑责任有限公司            ,,4008-659-600,,
南京第三只眼艺术装饰            ,南京江宁区北沿路靖安里14-1,4008-659-600,,
南京赛升装修工程公司            ,,4008-659-600,,
厚瑞装饰工程有限公司            ,万达A座1506室,4008-659-600,,
南京南邦装饰工程有限公司            ,大桥北路9号弘阳大厦1919-1922室,4008-659-600,,
南京港艺装饰公司            ,南京白下区水西门大街2号,4008-659-600,,
南京锦禾建筑装饰这个数            ,南京市六合区文峰路110号,4008-659-600,,
南京一线天装饰有限公司            ,江宁秣陵街道龙眠大道618号,4008-659-600,,
南京宸轲装饰工程有限公司            ,,4008-659-600,,
南京易园装饰工程有限公司            ,南京市江宁区秣陵街道天印大道1369号广博...,4008-659-600,,
聚馨阁建筑装饰工程有限公司            ,白下区抄纸巷7号208室,4008-659-600,,
南京慰群装饰工程有限公司            ,明发滨江新城274——202,4008-659-600,,
南京欧靓装饰设计商务网            ,南京市节制闸路62,4008-659-600,,
亲自手工装修            ,江宁谷里镇,4008-659-600,,
南京鼎享实业有限责任公司            ,南京市鼓楼区新模范马路92号5楼,4008-659-600,,
北京大业美家家居装饰有限公司南京分公司            ,南京市鼓楼区石头城路6号石榴财智中心15栋,4008-659-600,,
大厂创佳门窗制作            ,大厂葛中路537号,4008-659-600,,
南京易之圆装饰            ,南京市浦口泰山新村泰西路浦东大厦801室,4008-659-600,,
南京锦凰阁装饰工程有限公司            ,南京市秦淮区洪武路198号B幢3312室,4008-659-600,,
南京唐风宋韵装饰工程配套有限公司            ,南京市下关区中央北路小市新村451号,4008-659-600,,
齐强装修公司            ,南京市浦口区,4008-659-600,,
南京家和家美建筑装饰设计有限公司            ,南京建邺区江东中路223号,4008-659-600,,
南京美力时装饰工程有限公司            ,,4008-659-600,,
南京欧靓装饰设计商务网            ,南京市节制闸路62,4008-659-600,,
南京鼎享实业有限责任公司            ,南京市鼓楼区新模范马路92号5楼,4008-659-600,,
北京大业美家家居装饰有限公司南京分公司            ,南京市鼓楼区石头城路6号石榴财智中心15栋,4008-659-600,,
大厂创佳门窗制作            ,大厂葛中路537号,4008-659-600,,
南京乾佑御璜建筑装饰工程有限公司            ,大行宫中山东路300号长发CFC商业中心A...,4008-659-600,,
浦口储师傅装修团队            ,南京，浦口，汤泉,4008-659-600,,
南京美嘉装饰工程有限公司            ,南京市沿江开发区长冲新天地8-513,4008-659-600,,
南京棒棒家装有限公司            ,南京市栖霞区迈皋桥老街,4008-659-600,,
南京施兰装饰设计工程有限公司            ,南京市秦淮区信府河11号3楼,4008-659-600,,
一号家居网南京站            ,中央路266号,4008-659-600,,
南京彬堃装饰工程有限公司            ,南京市浦口区大桥北路弘阳壹号1714室,4008-659-600,,
南京亿烨装饰工程有限公司            ,,4008-659-600,,
南京庭之栋装饰工作室            ,南京新街口,4008-659-600,,
南京壹对壹装饰工程有限公司            ,南京江宁区宏运大道,4008-659-600,,
老地装饰工程有限公司            ,南京市白下路173号,4008-659-600,,
南京康固建材科技有限公司            ,南京浦口大华3栋,4008-659-600,,
南京汉拓空间设计有限公司            ,南京市江宁区百家湖诚基大厦B座605,4008-659-600,,
南京东轩恒泰装饰工程有限公司            ,南京市大厂草芳路505号,4008-659-600,,
南京悦恒装饰            ,新街口国贸大厦20楼,4008-659-600,,
江苏华佑装饰工程有限公司            ,江东北路400号,4008-659-600,,
南京喜满堂装饰工程有限公司            ,浦口区天润城十街区56幢106门面,4008-659-600,,
南京诚实装饰            ,浦口 - 江浦 天润城十三街区２５栋６０１...,4008-659-600,,
春豪家居一站式服务中心            ,南京高新区新城七栋五楼,4008-659-600,,
南京品胜装修有限公司            ,江苏省南京市,4008-659-600,,
南京恒乐装饰工程有限公司            ,南京市浦口区柳州东路天润城七街区50懂10...,4008-659-600,,
上海欧丽诗装饰工程有限公司            ,南京栖霞区,4008-659-600,,
北京紫名居建筑装饰有限公司南京分公司            ,南京市玄武区中央路258号-28号锦盈大厦...,4008-659-600,,
南京夺目装饰工程有限公司            ,浦口区珍珠南路85号,4008-659-600,,
南京龙百装饰            ,南京市建邺区兴隆地铁3号出口对面,4008-659-600,,
南京顺宏空调工程有限公司            ,江东中路1-2号五洲装饰城对面美的体验馆,4008-659-600,,
南京龙飞亚装饰工程有限公司            ,江宁区文静路,4008-659-600,,
南京前锋线建筑装饰工程有限公司            ,钟灵街50号省农科院内,4008-659-600,,
南京市百装汇家居饰品有限公司            ,江苏省南京市秦淮区永丰大道36号天安科创中...,4008-659-600,,
南京圣岛环境技术有限公司            ,南京市白下区洪武路359号福鑫国际大厦27...,4008-659-600,,
南京凯高装饰有限公司            ,南京市浦口区大桥北路1号华侨广场19楼19...,4008-659-600,,
南京百圣百装饰工程有限公司            ,南京市鼓楼区湖南路马台街70号1号楼2楼,4008-659-600,,
南京创始人装饰有限公司            ,白下区光华路五洲家居广场五金厅6区13号,4008-659-600,,
南京市科尚智能有限公司            ,南京市卡子门红星美凯龙,4008-659-600,,
南京帅创装饰设计工程有限公司            ,南京市雨花区双闸街道天后村292-1号,4008-659-600,,
南京居吉室内装饰            ,江宁区竹山路岗山超市潭西路155号,4008-659-600,,
南京定宏建筑装饰工程队            ,,4008-659-600,,
江苏瑞名祥装饰有限公司            ,南京市玄武区中央创意园8栋101,4008-659-600,,
南京华启装饰工程有限公司            ,南京市雨花区明基医院北门,4008-659-600,,
南京美汇美装饰设计有限公司            ,南京市集庆路198号江苏通信大厦四楼,4008-659-600,,
安徽瑞派装饰            ,南京市金陵小区,4008-659-600,,
江苏南通德赛建筑装饰工程公司            ,,4008-659-600,,
金之瑞装饰有限公司            ,南京市白下区中和桥1号光华路石林家居广场6...,4008-659-600,,
南京宁艺堂装饰工程有限公司            ,南京市建邺区福园街131号万达广场西地二街...,4008-659-600,,
南京万坤装饰工程有限公司            ,南京市大桥北路华东茂弘阳壹号A座724室,4008-659-600,,
南京嘉庆装饰有限公司            ,南京市秦淮区大明路小教场43号,4008-659-600,,
南京燕羽庭装饰工程设计有限公司            ,南京市鼓楼区建宁路61号中央金地,4008-659-600,,
南京久通水电            ,水西门大街255号万达金街15栋205,4008-659-600,,
南京紫凌轩装饰设计有限公司            ,江宁区天元路228号莱茵铂郡614,4008-659-600,,
南京市面对面装饰公司            ,南京市玄武规划中心,4008-659-600,,
南京豪杰装修            ,南京市溧水县永阳镇,4008-659-600,,
南京安吉利尔装饰工程有限公司            ,南京软件园星火路,4008-659-600,,
DePaid            ,玄武区,4008-659-600,,
美通建设工程有限公司            ,下关区金川门外5-6号2楼,4008-659-600,,
南京市军之威装饰            ,南京市天印大道880号,4008-659-600,,
南京金手匠建筑装饰工程有限公司            ,南京市大光路188号锦江丽舍1906室,4008-659-600,,
宝旺斯建筑智能工程            ,水西门大街291号万达金街西区10栋227,4008-659-600,,
南京涛声装饰            ,南京市建邺区所街29号,4008-659-600,,
南京7环公司            ,南京浦口区弘阳壹号A座910,4008-659-600,,
聚馨阁建筑装饰工程有限公司            ,白下区抄纸巷7号208室,4008-659-600,,
南京慰群装饰工程有限公司            ,明发滨江新城274——202,4008-659-600,,
亲自手工装修            ,江宁谷里镇,4008-659-600,,
南京彬睿建筑装饰工程有限公司            ,江苏省南京市江宁区岔路口金盛路,4008-659-600,,
高而雅装饰            ,,4008-659-600,,
南京风沙渡墙纸有限公司            ,南京市太平南路1号新世纪广场B座,4008-659-600,,
南京金螳王建筑装饰有限公司            ,南京市白下区白下路255号,4008-659-600,,
南京豪泰装饰            ,江苏省,南京市,白下区,光华路115号五洲...,4008-659-600,,
南京万冲建筑装饰有限公司            ,南京市秦淮区大明路,4008-659-600,,
卓越装饰公司            ,浦口区浦珠北路129号万江地和苑,4008-659-600,,
善装设计装饰有限公司            ,,4008-659-600,,
上海万久装潢公司            ,,4008-659-600,,
南京阔景装饰工程有限公司            ,南京户部街天之都33号2827室,4008-659-600,,
南京创腾装饰工程有限公司            ,南京秦淮区夹岗汇景路176号,4008-659-600,,
北京龙发装饰            ,中山南路315号,4008-659-600,,
南京八点钟装饰设计有限公司            ,南京市白下区长白街332号,4008-659-600,,
南京万冲建筑装饰有限公司            ,南京市秦淮区大明路,4008-659-600,,
南吉斯装饰有限公司            ,南京市江宁区,4008-659-600,,
卓越装饰公司            ,浦口区浦珠北路129号万江地和苑,4008-659-600,,
齐装网有限公司            ,2533190332,4008-659-600,,
亿烨装饰安装工程有限公司            ,麒麟门 东方红郡,4008-659-600,,
南京阿里巴巴装饰设计工程有限公司            ,南京市浦口区威尼斯水城十街区56-106商...,4008-659-600,,
南京创始人装饰有限公司            ,白下区光华路五洲家居广场五金厅6区13号,4008-659-600,,
南京市科尚智能有限公司            ,南京市卡子门红星美凯龙,4008-659-600,,
南京艾瑞尔装饰材料有限公司            ,江苏省南京市江宁区天元东路228号,4008-659-600,,
上海乐扬装饰设计工程有限公司            ,江宁天元东路228号莱茵铂郡大厦1416,4008-659-600,,
南京悦恒装饰            ,国贸大厦30楼,4008-659-600,,
祥瑞装横有限公司            ,中山南路,4008-659-600,,
南京业之星装饰工程有限公司            ,南京市太平南路2号日月大厦27F,4008-659-600,,
南京好再来装饰            ,玄武区紫峰一号,4008-659-600,,
南京卡迪装饰工程有限公司            ,南京市仙林大学城香樟园31栋14074,4008-659-600,,
南京鹿琼装饰设计有限公司            ,南京市白下区石鼓路华威大厦A座17楼,4008-659-600,,
南京坤艮建筑装饰工程有限公司            ,江宁区黄金海岸二区1栋117室,4008-659-600,,
南京聚馨阁建筑装饰工程有限公司            ,白下区抄纸巷7号208室,4008-659-600,,
南京三象冷暖            ,莫愁湖东路16-6,4008-659-600,,
南京梵瑞装饰设计有限公司            ,南京市玄武区龙蟠路155号紫金联合立方5-...,4008-659-600,,
南京誉涛装饰工程有限公司            ,南京市高淳县经济开发区龙井路18号2栋,4008-659-600,,
南京阔景装饰工程有限公司            ,南京户部街天之都33号2827室,4008-659-600,,
南京耀庭装饰有限公司            ,,4008-659-600,,
南京创腾装饰工程有限公司            ,南京秦淮区夹岗汇景路176号,4008-659-600,,
南京天森宜嘉装饰工程有限公司            ,南京大桥北路1号华侨广场812,4008-659-600,,
南京庭之栋装饰工作室            ,南京新街口,4008-659-600,,
南京汇锦装饰股份有限公司            ,龙蟠路9号兴隆大厦10f,4008-659-600,,
南京鼎享实业有限责任公司            ,南京市鼓楼区新模范马路92号5楼,4008-659-600,,
南京欧靓装饰设计商务网            ,南京市节制闸路62,4008-659-600,,
南京鼎享实业有限责任公司            ,南京市鼓楼区新模范马路92号5楼,4008-659-600,,
北京大业美家家居装饰有限公司南京分公司            ,南京市鼓楼区石头城路6号石榴财智中心15栋,4008-659-600,,
大厂创佳门窗制作            ,大厂葛中路537号,4008-659-600,,
南京羽农家装有限公司            ,,4008-659-600,,
南京赛沃装饰有限公司            ,和燕路319号,4008-659-600,,
南京彬睿建筑装饰工程有限公司            ,江苏省南京市江宁区岔路口金盛路,4008-659-600,,
南京金御阁装饰工程有限公司            ,南京市浦口区大桥北路9号弘阳大厦骏馆141...,4008-659-600,,
南京秀锋木业有限公司            ,南京迈皋桥长营村144号,4008-659-600,,
南京卓阁建筑装饰工程有限公司            ,南京市石门坎现代大厦,4008-659-600,,
南京业之星装饰工程有限公司            ,南京市太平南路2号日月大厦27F,4008-659-600,,
南京卡迪装饰工程有限公司            ,南京市栖霞区仙林大学城香樟园酒店式公寓31...,4008-659-600,,
南京中强家具有限公司            ,南京江宁区双龙大道958号水岸明珠,4008-659-600,,
南京宏语筑装饰工程有限公司            ,南京六合金宁国际大厦19楼,4008-659-600,,
南京智联装饰工程有限公司            ,南京市江宁区科学园吉印大道3789号,4008-659-600,,
丽华装饰有限公司            ,南京市栖霞区,4008-659-600,,
南京华浔品味装饰公司            ,南京市建邺区云锦路59号(万达金街),4008-659-600,,
江南快装有限公司            ,,4008-659-600,,
上海乐扬装饰设计工程有限公司            ,江宁天元东路228号莱茵铂郡大厦1416,4008-659-600,,
新月装饰有限公司            ,秣陵,4008-659-600,,
南京悦恒装饰            ,国贸大厦30楼,4008-659-600,,
南京南吉斯装饰有限公司            ,,4008-659-600,,
南京龙飞亚装饰工程有限公司            ,江宁区文静路,4008-659-600,,
南京前锋线建筑装饰工程有限公司            ,钟灵街50号省农科院内,4008-659-600,,
南京美汇美装饰设计有限公司            ,南京市集庆路198号江苏通信大厦四楼,4008-659-600,,
艾迪整体装饰            ,仙林。南大和园,4008-659-600,,
 江苏科宁舒适家居系统集成有限责任公司            ,南京市鼓楼区定淮门12号世纪之窗16号楼,4008-659-600,,
南京元创装饰工程有限公司            ,南京江宁万达广场F座2206,4008-659-600,,
南京万冲建筑装饰有限公司            ,南京市秦淮区大明路,4008-659-600,,
卓越装饰公司            ,浦口区浦珠北路129号万江地和苑,4008-659-600,,
南京骏邦建筑工程有限公司            ,南京市栖霞区尧新大道16号,4008-659-600,,
南京黑蚁装饰设计工程有限公司            ,白下区石门坎五洲装饰城商务楼107,4008-659-600,,
南京火头军信息技术有限公司            ,江苏省南京市浦口区浦口大道1号新城总部大厦...,4008-659-600,,
北京阔达装饰南京分公司            ,南京市白下区汉中路89号金鹰国际18楼,4008-659-600,,
南京悦鑫装饰工程有限公司            ,天元东路228号苹果都市1-109（天印大...,4008-659-600,,
南京金御阁装饰工程有限公司            ,南京市浦口区大桥北路9号弘阳大厦骏馆141...,4008-659-600,,
南京秀锋木业有限公司            ,南京迈皋桥长营村144号,4008-659-600,,
南京美汇美装饰公司            ,南京市集庆路198号江苏通信大厦四楼,4008-659-600,,
南京撩色饰家空间设计工作室            ,南京市中山北路215号中山万豪54楼543...,4008-659-600,,
南京喜运装饰工程有限公司            ,秦淮区景泰苑,4008-659-600,,
南京锦全装饰工程有限公司            ,南京市中山北路219号宏图大厦1005,4008-659-600,,
南京高联装饰工程有限公司            ,白下区 中山东路 龙台大厦1820室,4008-659-600,,
南京品鉴装饰设计工程有限公司            ,南京市洪武路267号洪武大厦1105室,4008-659-600,,
美之家装饰设计工程有限公司            ,,4008-659-600,,
南京元创装饰工程有限公司            ,南京江宁万达广场F座2206,4008-659-600,,
南京万紫千红装饰工程有限公司            ,,4008-659-600,,
南京嘉乐装饰            ,安德门附近,4008-659-600,,
南京鼎锦居装饰工程设计有限公司            ,,4008-659-600,,
南京尚境空间装饰工程有限公司            ,,4008-659-600,,
南京市六合区金玉彩堂装饰公司            ,南京市六合区文博家园朝南门面房,4008-659-600,,
南京龙飞亚装饰工程有限公司            ,竹山路99号,4008-659-600,,
东旭盛和装饰公司            ,,4008-659-600,,
鹿琼装饰            ,,4008-659-600,,
思源装饰            ,,4008-659-600,,
南京阿普勒新材料科技有限公司            ,江苏南京浦口区万寿路15号工大产业园西区K...,4008-659-600,,
南京齐装网测试号            ,,4008-659-600,,
南京胜远威工程技术有限公司            ,,4008-659-600,,
南京全得装饰公司            ,雨花台西春路,4008-659-600,,
南京凤尾兰装饰工程设计公司            ,,4008-659-600,,
南京梵云装饰工程有限公司            ,建邺区江东中路311号中泰国际广场5栋,4008-659-600,,
南京市江宁区皖发门窗销售中心            ,南京市江宁区宏运大道左邻右里50-104,4008-659-600,,
南京栖喜装饰设计工程有限公司            ,秦淮区虎踞南路96号三楼(老江苏鞋城),4008-659-600,,
南京名工坊装饰工程有限公司            ,,4008-659-600,,
南京翼超装饰工程设计公司            ,,4008-659-600,,
南京美美家装饰工程有限公司            ,,4008-659-600,,
南京元洲品界大宅设计            ,南京河西万达B座,4008-659-600,,
南京金忆嘉装饰工程有限公司            ,南京市浦口区浦口大道37号2栋813室,4008-659-600,,
南京好军事门窗工程有限公司            ,南京市浦口区大桥北路弘扬骏馆,4008-659-600,,
南京筑肯装饰设计有限公司            ,铁心桥大周路32号软件谷科创城D2南100...,4008-659-600,,
南京美界装饰有限公司            ,,4008-659-600,,
江苏东大园装饰安装工程有限公司            ,,4008-659-600,,
南京良天装饰工程有限公司            ,南京市雨花台区凤台南路152号中舜.赛虹桥...,4008-659-600,,
南京置青春装饰公司            ,,4008-659-600,,
江苏君望装饰设计有限公司            ,,4008-659-600,,
南京御尚装饰工程有限公司            ,南京市建邺区万达东坊1栋1518,4008-659-600,,
南京豪舒装饰有限公司            ,,4008-659-600,,
南京盛亚谦装饰工程有限公司            ,,4008-659-600,,
南京良天装饰工程有限公司            ,南京市雨花台区凤台南路152号中舜.赛虹桥...,4008-659-600,,
江苏鲁公大宅装饰            ,,4008-659-600,,
广州星艺装饰集团南京有限公司            ,,4008-659-600,,
江苏君望装饰设计有限公司            ,,4008-659-600,,
响当当装饰工程有限公司            ,,4008-659-600,,
南京豪舒装饰有限公司            ,,4008-659-600,,
南京盛亚谦装饰工程有限公司            ,,4008-659-600,,
泥巴公社装饰公司            ,,4008-659-600,,
徽一帆装饰            ,浦口区高新技术开发区侨康路16-55徽一帆...,4008-659-600,,
南京尚层装饰            ,南京市鼓楼区清江苏宁广场33层,4008-659-600,,
南京一恒装饰工程有限公司            ,南京市栖霞区联珠村71-2,4008-659-600,,
鲁公大宅装饰公司            ,南京市鼓楼区新模范马路66号南邮大厦5楼,4008-659-600,,
南京爱上家装饰工程有限公司            ,,4008-659-600,,
南京邦乐装饰工程有限公司            ,江宁区融侨世家14栋219室。,4008-659-600,,
南京栖喜装饰设计工程有限公司            ,秦淮区虎踞南路96号三楼(老江苏鞋城),4008-659-600,,
南京众阁装饰工程有限公司            ,南京秦淮区光华路156号星展大厦1栋601,4008-659-600,,
南京名工坊装饰工程有限公司            ,,4008-659-600,,
南京美美家装饰工程有限公司            ,,4008-659-600,,
南京元洲品界大宅设计            ,南京河西万达B座,4008-659-600,,
南京宝来装饰            ,,4008-659-600,,
南京宁鹰港装饰工程有限公司            ,,4008-659-600,,
南京美满乐地坪工程有限公司            ,,4008-659-600,,
南京一恒装饰工程有限公司            ,南京市栖霞区联珠村71-2,4008-659-600,,
南京美美家装饰工程有限公司            ,,4008-659-600,,
南京元洲品界大宅设计            ,南京河西万达B座,4008-659-600,,
鲁公大宅装饰公司            ,南京市鼓楼区新模范马路66号南邮大厦5楼,4008-659-600,,
南京爱上家装饰工程有限公司            ,,4008-659-600,,
南京邦乐装饰工程有限公司            ,江宁区融侨世家14栋219室。,4008-659-600,,
南京众阁装饰工程有限公司            ,南京秦淮区光华路156号星展大厦1栋601,4008-659-600,,
南京宝来装饰            ,,4008-659-600,,
南京美界装饰有限公司            ,,4008-659-600,,
南京柏宇装饰工程有限公司            ,南京市建邺区黄山路12号盛世公馆518室,4008-659-600,,
南京置青春装饰公司            ,,4008-659-600,,
南京御尚装饰工程有限公司            ,南京市建邺区万达东坊1栋1518,4008-659-600,,
南京亿达天装饰工程有限公司            ,,4008-659-600,,
南京东锦装饰有限公司            ,南京江宁区麒麟门天赋广场20栋309,4008-659-600,,
藏族自治州            ,,4008-659-600,,
南京时时洁装饰工程有限公司            ,南京市建邺区云锦路万达金街14栋302室,4008-659-600,,
南京悦格装饰工程有限公司            ,南京市浦口区大桥北路20号江畔明珠广场,4008-659-600,,
南京家最美装饰工程有限公司            ,玄武区傅厚岗1号富升大厦1508室,4008-659-600,,
南京锦全装饰工程有限公司            ,南京市中山北路219号宏图大厦801,4008-659-600,,
南京生活家装饰工程有限公司            ,南京市建邺区奥体大街177号奥体南门,4008-659-600,,
南京威登建筑装饰工程有限公司            ,南京市中山南路321号现代大厦1302B,4008-659-600,,
南京意柏年建筑装饰设计工程有限公司            ,南京市建邺区梦都大街130号奥体北门富贵俏...,4008-659-600,,
南京金尚装饰工程有限公司            ,南京市浦口区大桥北路20号江畔明珠广场金尚...,4008-659-600,,
南京新爱华装饰有限责任公司            ,南京玄武区北京东路22号和平大厦13楼,4008-659-600,,
南京冠全装饰工程有限公司            ,南京市玄武区中央路258-27号新立基大厦...,4008-659-600,,
南京壹文装饰工程有限公司            ,南京建邺区万达金街西区10栋212室,4008-659-600,,
南京豪舒装饰有限公司            ,南京市浦口区浦珠南路26号紫晶龙华广场1栋...,4008-659-600,,
南京龙佰装饰工程有限公司            ,南京市中山北路217号龙吟广场A单元280...,4008-659-600,,
南京博强装饰设计工程有限公司            ,南京市广州路随园大厦7楼,4008-659-600,,
南京多百装饰工程有限公司            ,白下区中山南路321号现代大厦1608室,4008-659-600,,
南京京合建志洋装饰工程有限公司            ,南京市建邺区汉中门大街123号知海大厦7层,4008-659-600,,
南京名乐装饰工程有限公司            ,南京市浦口区大桥北路9号弘阳大厦1819室,4008-659-600,,
本木装饰工程有限公司            ,建邺区江东中路118号德盈大厦701室（地...,4008-659-600,,
南京爱仕巢装饰工程有限公司            ,南京市鼓楼区龙园西路裕顺雅苑14号,4008-659-600,,
南京罄雅装饰工程有限公司            ,南京白下区大光路188号锦江丽舍1615室,4008-659-600,,
南京八马装饰工程有限公司            ,南京市浦口威尼斯水城11街区,4008-659-600,,
南京国秀装饰工程有限公司            ,南京市龙蟠中路317号(达美御园北门),4008-659-600,,
南京恒儒信装饰工程有限公司            ,南京市玄武区长江路188号德基大厦7楼C座,4008-659-600,,
南京迈高装饰设计工程有限公司            ,南京市白下区中山南路321号现代大厦300...,4008-659-600,,
南京美全装饰工程有限公司            ,南京中央路323号利奥大厦2305室,4008-659-600,,
南京美汇美装饰设计工程有限公司            ,南京市集庆路198号江苏通信大厦四楼 ,4008-659-600,,
南京多特装饰工程有限公司            ,大行宫地铁3号出口长安国际中心8楼,4008-659-600,,
南京苹果装饰工程有限公司            ,南京市秦淮区虎踞南路96号江苏鞋城,4008-659-600,,
南京多莱米装饰工程有限公司            ,云锦路58号万达广场东坊一街区7幢538室,4008-659-600,,
南京红海牛装饰工程有限公司            ,江宁区上元大街35号(河定桥地铁2号口东2...,4008-659-600,,
鹿琼装饰公司            ,南京市浦口区大桥北路1号华侨广场1307室,4008-659-600,,
南京嘉泽装饰工程有限公司            ,南京市栖霞区和燕路251号金港大厦B座18...,4008-659-600,,
南京亿达天装饰工程有限公司            ,五台山一号丰汇大厦26楼C座,4008-659-600,,
南京裕隆阁装饰工程有限公司            ,南京市鼓楼区建宁路61号中央金地C栋140...,4008-659-600,,
南京圣春鸣装饰工程有限公司            ,南京市鼓楼区集庆门大街268号苏宁慧谷2-...,4008-659-600,,
南京儒佳装饰工程有限公司            ,南京市江宁区金轮星光名座4栋305室,4008-659-600,,
南京雅舍装饰工程有限公司            ,秦淮区延龄巷2号东渡大厦北楼701室,4008-659-600,,
南京东一阁装饰设计有限公司            ,大桥北路48号弘阳广场A2馆负1层F000...,4008-659-600,,
南京艾格瑞装饰工程有限公司            ,南京市鼓楼区先锋广场930室,4008-659-600,,
南京康之派装饰工程有限公司            ,南京市栖霞区和燕路408号晓庄国际广场1栋...,4008-659-600,,
南京凯高装饰工程有限公司            ,浦口区桥北路1号华侨广场1904室,4008-659-600,,
南京易园装饰工程有限公司            ,江宁区天印大道地铁站向东100米天印慧谷1...,4008-659-600,,
南京尚诚壹信装饰设计工程有限公司            ,南京市浦口区浦珠南路26号紫晶龙华广场2幢...,4008-659-600,,
南京乐融装饰工程有限公司            ,江苏南京雨花台区长虹路222号德盈国际广场...,4008-659-600,,
南京国宁装饰工程有限公司            ,浦口区华山桥对面江城大厦3楼整层,4008-659-600,,
南京聚馨阁装饰工程有限公司            ,江苏省南京市秦淮区龙蟠中路418-3号,4008-659-600,,
南京置青春网络科技有限公司            ,秦淮区国际贸易中心B座14层B3-B5,4008-659-600,,
南京天合居国际装饰事务所            ,南京市江宁区天元中路128号诚基大厦2幢3...,4008-659-600,,
南京瀚居装饰设计有限公司            ,南京市鼓楼区虎踞北路10-2号3楼312室,4008-659-600,,
江苏柏丽装饰工程有限公司            ,秦淮区洋珠巷54号3楼,4008-659-600,,
南京金唐装饰设计工程有限责任公司            ,南京市定淮门大街6号民生花园C幢2单元20...,4008-659-600,,
南京分公司            ,南京鼓楼区,4008-659-600,,
实创装饰工程江苏有限公司            ,南京市新街口中山东路145号全民健身中心5...,4008-659-600,,
北京克洛尼装饰南京分公司            ,天元东路513号(天印大道地铁站西150米...,4008-659-600,,
南京翔韵装饰设计工程有限公司            ,雨花台区明发商业广场2-53007.(3号...,4008-659-600,,
南京标杰建筑装饰工程有限公司            ,南京市白下区洪武路267号洪武大厦1603...,4008-659-600,,
南京百水合装饰工程有限公司            ,南京市建邺区水西门大街249号千峰彩翠大厦...,4008-659-600,,
南京苏奥装饰工程有限公司            ,南京市中山南路321号现代大厦2605室,4008-659-600,,
南京幻鸣居装饰工程有限公司            ,南京市江宁区天元中路128号诚基名苑2幢6...,4008-659-600,,
南京秀居装饰工程有限公司            ,南京市大桥北路华侨银座505室,4008-659-600,,
CNY空间设计机构            ,南京市建邺区江东中路301号奥体名座F座四...,4008-659-600,,
 南京云居装饰工程有限公司            ,南京市浦口区大桥北路9号弘阳大厦1616—...,4008-659-600,,
南京伊善和装饰工程有限公司            ,南京市建邺区万达金街西区10栋3楼337室,4008-659-600,,
金陵云家居            ,雨花西路9号,4008-659-600,,
南京金手匠建筑装饰工程有限公司            ,南京市大光路188号锦江丽舍1906室,4008-659-600,,
南京旭尊装饰工程有限公司            ,江宁区上坊镇万安东路87号秣陵街道陵里工业...,4008-659-600,,
南京王贵平装饰工程有限公司            ,南京市鼓楼区中央北路185号1618,4008-659-600,,
南京置青春装饰            ,,4008-659-600,,
南京弄堂里装饰工程有限公司            ,建邺区乐基广场1栋705室,4008-659-600,,
南京展驰装饰工程有限公司            ,鼓楼区中山北路105号（军人俱乐部内）中环...,4008-659-600,,
南京腾皇建筑装饰设计工程有限公司            ,南京市江宁区龙眠大道688号天正天御溪岸商...,4008-659-600,,
