巴中鼎诚装饰工程有限公司 ,巴中市巴州区巴州大道293号盈丰苑1栋40...,18282773009,3337797,
四川苏家装饰工程有限公司 ,巴中市城投大厦B座4楼,13340616772,5777666,
四川众亨装饰工程有限公司            ,四川巴中南江小河格林群 售楼部,4008-659-600,,
四川上邦装饰公司            ,巴中市巴州区南湾国际B区6栋三楼 ,4008-659-600,,
成都九合装饰工程有限公司            ,巴中市东方鑫村C5栋滨河路1——2楼，YY...,4008-659-600,,
巴中市九尚装饰工程有限公司            ,巴中市巴州区黄家沟建材市场13栋301,4008-659-600,,
巴中浩森装饰工程有限公司            ,四川省 巴中市 巴州区 巴中市巴州区晏阳初...,4008-659-600,,
成都远图装饰工程有限公司            ,巴中市财富广场2幢13楼2号,4008-659-600,,
巴中宏晟装饰            ,,4008-659-600,,
北京实创家居装饰集团(江西)有限公司            ,南昌市洪城路6号国贸国贸广场新华都1-3层,4008-659-600,,
南昌星之居装饰设计有限公司            ,南昌市上海路699号699创意工场,4008-659-600,,
江西苹果装饰设计工程有限公司            ,南昌丽都广场A座5F,4008-659-600,,
江西苹果装饰设计工程有限公司            ,,4008-659-600,,
南昌天品装饰设计有限公司            ,,4008-659-600,,
业之峰装饰南昌分公司            ,,4008-659-600,,
南昌满艺装饰工程有限公司            ,江西省南昌市西湖区朝阳洲中大云锦A102商...,4008-659-600,,
江西龙雕装饰设计有限公司            ,香江家居解放四街37号,4008-659-600,,
鲁公装饰            ,西湖孺子路1号,4008-659-600,,
巴中大青装饰有限公司            ,巴中市巴州区黄家沟西部国际商贸城建材交易中...,4008-659-600,,
四川盛世龙发装饰工程有限公司            ,巴中市财富广场A区2栋1305号,4008-659-600,,
四川盛唐盛世建筑装饰工程有限公司            ,巴中市黄家沟建材市场18栋4层,4008-659-600,,
上海西默智能家居有限公司            ,,4008-659-600,,
巴中市荣兴装饰设计工程有限公司            ,恩阳置信国际社区售楼部旁,4008-659-600,,
真诚装饰            ,后坝西山龙湾,4008-659-600,,
大青装饰巴中设计中心            ,黄家沟建材交易中心33栋2楼大青装饰巴中家...,4008-659-600,,
东方幻想            ,,4008-659-600,,
巴中市铭洋建筑装饰工程有限公司            ,通佛路汇升中央公馆c栋403,4008-659-600,,
四川川燚建筑工程有限责任公司            ,回风苗圃小区3-3-2（回风街道办）,4008-659-600,,
巴中市宾果室内装饰设计有限公司            ,,4008-659-600,,
四川盛唐盛世建筑装饰有限公司            ,巴中市西部国际商贸城黄家沟建材市场18栋4...,4008-659-600,,
巴中市荣兴装饰设计工程有限公司            ,恩阳置信国际社区售楼部旁,4008-659-600,,
真诚装饰            ,后坝西山龙湾,4008-659-600,,
大青装饰巴中设计中心            ,黄家沟建材交易中心33栋2楼大青装饰巴中家...,4008-659-600,,
四川天盛易鼎建筑装饰有限公司            ,巴中市南坝将军大道普天名都二层,4008-659-600,,
巴中市汉昌建筑装饰工程有限公司            ,巴中市巴州区江北大道财富广场2号栋16楼1...,4008-659-600,,
成都锦上居装饰工程有限公司            ,巴中市巴州区黄家沟建材市场17栋203-2...,4008-659-600,,
四川大树文化传媒有限公司            ,四川省巴中市巴州区常春别墅H栋,4008-659-600,,
畅松实业(上海)有限公司巴中分公司            ,巴中市巴州区黄家沟建材市场18栋4楼,4008-659-600,,
广东星艺装饰集团四川有限公司巴中分公司            ,巴中市、巴州区、黄家沟大道8号建材交易装饰...,4008-659-600,,
巴中天策装饰工程设计有限公司            ,巴中市尚上城胡桃里楼上14楼,4008-659-600,,
巴中远图装饰工程有限公司            ,巴中市财富广场2幢13楼2号,4008-659-600,,
巴中市方寸装饰设计有限公司            ,四川省南江县红叶广场八栋一楼,4008-659-600,,
精品装饰装修有限公司            ,四川省巴中市平昌县新车站对面22号,4008-659-600,,
南昌欧坊装饰工程有限公司            ,南昌西湖区洪城路576号天使商务广场t层,4008-659-600,,
鲁公大宅装饰公司            ,南昌市八一广场丽华购物广场6楼,4008-659-600,,
四川天盛易鼎装饰建筑工程有限公司            ,四川巴中巴州南坝普天名都天盛易鼎装饰,4008-659-600,,
尚宏建筑装饰工程有限公司            ,回风丽阳广场商业中心2楼6号,4008-659-600,,
美星装饰集团            ,南昌,4008-659-600,,
鲁班装饰设计有限公司            ,南昌,4008-659-600,,
交换空间装饰有限公司            ,南坪会展中心9玺国际8栋,4008-659-600,,
巴中恒和建筑装饰有限公司            ,四川省巴中市巴州区望王东路红橡大厦14层1...,4008-659-600,,
广东星艺装饰集团巴中分公司            ,黄家沟大道8号商贸城建材交易中心18幢3楼...,4008-659-600,,
巴中博艺装饰工程有限公司            ,四川省巴中市巴州区巴中市回风丽阳广场A幢1...,4008-659-600,,
四川映旭建筑装饰有限责任公司            ,四川省巴中市巴州区宕梁街道东方鑫村C7号楼...,4008-659-600,,
江西苹果装饰-江西苹果装饰(旗舰店)            ,江西省南昌市西湖区洪城路丽都广场a栋苹果装...,4008-659-600,,
实创家居装饰集团有限公司            ,青云谱洪都洪城路6号国贸广场13层,4008-659-600,,
