贵州喜百年装饰工程有限公司毕节分公司 ,毕节市七星关区学院路东锦铭都2楼,18485786205,8259888,
毕节创艺装饰工程有限公司 ,七星关区百里杜鹃大道中段白金府邸大厦二楼,17716691264,85193208,
贵州尚家艺建筑装饰工程有限公司            ,贵州省毕节市七星关区南岭路公务员小区新行署...,4008-659-600,,
毕节日月星装饰工程有限公司            ,贵州省毕节市七星关区桂花路2号,4008-659-600,,
广州市华宁装饰工程有限公司            ,三十米大道中段东园小区路口往前20米二楼,4008-659-600,,
北京缔特思装饰工程有限公司            ,毕节市织金县,4008-659-600,,
毕节市腾沐装饰工程有限公司            ,毕节市赫章县,4008-659-600,,
毕节市老木匠装饰装修有限公司            ,贵州省毕节市七星关区新城区40米大道审计局...,4008-659-600,,
毕节市世纪天成装饰设计工程发展有限公司            ,贵州省毕节市七星关区碧阳街道办招商花园城财...,4008-659-600,,
毕节业之峰诺华装饰股份有限公司            ,八一大道357号 财富广场b座22层,4008-659-600,,
贵州原石文化装饰设计有限公司            ,毕节市滨河西路市公务员小区碧水星苑3号楼1...,4008-659-600,,
艾佳装饰工程有限公司            ,毕节市黔西县城关镇,4008-659-600,,
黔西实创装饰            ,青云谱区洪城路6号国贸新华都广场1-3层,4008-659-600,,
织金艺佳居装饰工程有限公司            ,织金金玉龙城国际商贸城6栋4002,4008-659-600,,
毕节腾沐装饰工程有限公司            ,毕节市七星关区学院路振华大厦一单元7楼,4008-659-600,,
昌旭装饰工程有限公司            ,贵州省毕节市大方县佳鑫家居建材大市场A-2...,4008-659-600,,
毕节钧阳装饰有限公司            ,毕节市七星关管区区政府对面博泰仕府领地一单...,4008-659-600,,
南昌林涵设计            ,林涵设计,4008-659-600,,
 ,,4008-659-600,,
南昌市轩仝宇装饰工程有限公司            ,江西省南昌市西湖区子安路89号1602,4008-659-600,,
 ,,4008-659-600,,
南昌市轩仝宇装饰工程有限公司            ,江西省南昌市西湖区子安路89号1602,4008-659-600,,
黔西实创装饰            ,青云谱区洪城路6号国贸新华都广场1-3层,4008-659-600,,
贵州腾沐装饰有限公司            ,毕节市七星关区东客站旁振华大厦1单元7楼-...,4008-659-600,,
牧峰装饰设计有限责任公司            ,开行路联邦金座九楼,4008-659-600,,
贵州联诚创艺装饰有限责任公司            ,贵州省大方县佳鑫国际商业广场B5栋一层,4008-659-600,,
毕节腾沐装饰工程有限公司            ,毕节市七星关区学院路振华大厦一单元7楼70...,4008-659-600,,
毕节圆点空间设计有限公司            ,,4008-659-600,,
广州淦霖装饰            ,,4008-659-600,,
毕节一目设计装饰            ,,4008-659-600,,
hua12            ,,4008-659-600,,
贵州祥和空间装饰设计工程有限公司            ,黔西县同心商贸城A区18栋,4008-659-600,,
毕节腾沐装饰工程有限公司            ,毕节市七星关区振华大厦一单元701,4008-659-600,,
毕节鲁班装饰工程有限公司            ,开行路金洲大厦六楼,4008-659-600,,
贵州云上装饰工程有限责任公司毕节分公司            ,碧阳大道尚城国际4楼,4008-659-600,,
贵州百姓人家装饰工程有限公司            ,滨河西路与同心路交叉口前行十米百姓人家装饰...,4008-659-600,,
毕节市腾沐装饰工程有限公司            ,,4008-659-600,,
贵州皇巢空间装饰工程有限公司            ,贵州省毕节市七星关区市公务员 小区碧水星苑...,4008-659-600,,
黔西实创装饰            ,青云谱区洪城路6号国贸新华都广场1-3层,4008-659-600,,
贵州腾沐装饰有限公司            ,毕节市七星关区东客站旁振华大厦1单元7楼-...,4008-659-600,,
贵州美乐居装饰工程有限责任公司            ,毕节市七星关区麻园街道办兴隆佳园三栋一单元...,4008-659-600,,
毕节市钰峰装饰工程有限公司            ,贵州省毕节市七星关区开行路富丽东方二单元4...,4008-659-600,,
贵州七星家园装饰工程有限公司            ,毕节市七星关区检察院旁小商品市场上行200...,4008-659-600,,
贵州梦想家装饰工程有限责任公司            ,贵州省毕节市七星关区洪南路瑞丰新城1号楼3...,4008-659-600,,
贵州南国金鼎装饰工程有限公司小河分公司            ,贵州省,毕节地区,毕节市七星关区三十米大道...,4008-659-600,,
毕节星艺装饰有限公司            ,毕节市七星关区百里杜鹃路国贸中心11楼2号,4008-659-600,,
毕节雅品美居装饰工程有限公司            ,贵州省毕节市七星关区鸭池镇远航七星万象城远...,4008-659-600,,
华浔品味装饰            ,东路鹿鼎家居4楼b馆,4008-659-600,,
贵州梦想家装饰工程有限责任公司            ,贵州省毕节市七星关区瑞丰新城洪南财富中心1...,4008-659-600,,
星艺装饰有限公司            ,南昌市北京东路·恒茂国际都会...,4008-659-600,,
毕节波涛装饰公司            ,毕节高新区南二环西段财富中心,4008-659-600,,
织金艺佳居装饰工程有限公司            ,织金县绮陌乡三架山村,4008-659-600,,
贵州祥和空间装饰            ,贵州省毕节市黔西县黔西县里沙大道后层,4008-659-600,,
毕节实创家居装饰集团有限公司            ,毕节市,4008-659-600,,
广东帝豪装饰毕节分公司            ,毕节市市公务员小区碧水星苑商铺8栋1单元3...,4008-659-600,,
毕节鲁公大宅装饰工程公司            ,毕节市,4008-659-600,,
南昌实创美家装饰            ,南昌市西湖区站前西路289号三星大厦B座1...,4008-659-600,,
嘉祺装饰设计工程有限公司            ,,4008-659-600,,
毕节南国风装饰工程有限工司            ,毕节市,4008-659-600,,
广州市华宁装饰工程有限公司毕节分公司            ,毕节市,4008-659-600,,
贵州格调装饰设计工程有限公司            ,贵州-毕节-金沙县-贵州省、金沙县、长安街,4008-659-600,,
毕节道艺装饰有限公司            ,毕节市,4008-659-600,,
