鲁班装饰设计有限公司            ,南昌,4008-659-600,,
交换空间装饰有限公司            ,河北省保定市涞水县涞涿路与王义路交叉口东1...,4008-659-600,,
嘉祺装饰设计工程有限公司            ,,4008-659-600,,
北京业之峰诺华装饰股份有限公司分公司            ,河北省保定市涞水县保野公路东50米,4008-659-600,,
北京龙发装饰集团            ,北京市通州区,4008-659-600,,
尚佳装饰            ,涞水县德成路140号,4008-659-600,,
格尚装饰设计工作室            ,河北省保定市涞水县政府街西100米,4008-659-600,,
尚嘉装饰            ,河北省保定市涞水县涞涿路与王义路交叉口东1...,4008-659-600,,
丰润装饰工程有限公司            ,河北省保定市涞水县保野公路东50米,4008-659-600,,
华宁装饰工程有限公司分公司            ,河北省保定市涞水县新线街南100米,4008-659-600,,
星艺装饰有限公司            ,河北省保定市涞水县社区管理办公室街道冲之大...,4008-659-600,,
金昌装饰            ,保定-南市区 六道口建材城,4008-659-600,,
市卓牧装饰设计有限公司            ,河北省保定市涞水县232省道东50米,4008-659-600,,
北京东雨联虹装饰工程有限公司            ,河北省保定市七一东路569号,4008-659-600,,
唯美简约装饰设计有限公司            ,保定市北市区佰盛国际底商42号(老火车站对...,4008-659-600,,
鸿森装饰有限公司            ,河北省保定市涞水县112国道南50米,4008-659-600,,
自由营造装饰设计公司            ,保定市北市区瑞兴路钻石嘉园四区六号楼三单元...,4008-659-600,,
北京锦珑装饰工程有限公司            ,阳光北大街1218号(阳光北大街与复兴路交...,4008-659-600,,
市渝淞设计室            ,河北省保定市涞水县文兴路26号,4008-659-600,,
河北南方精工装饰有限公司            ,河北省保定市涞水县S232附近,4008-659-600,,
市永兴装饰品有限公司            ,河北省保定市涞水县府前街北50米,4008-659-600,,
前程装饰有限公司            ,恒祥北大街188号,4008-659-600,,
北京金皖世纪装饰工程有限公司            ,.涞水县阅唐山水B-15-B室,4008-659-600,,
英太装饰工程有限公司            ,河北省保定市涞水县明义乡南封村,4008-659-600,,
奥弘装饰装修工程有限公司            ,保定市莲池区复兴路鑫丰精品广场三层西侧36...,4008-659-600,,
阔达装饰工程有限公司            ,河北省保定市朝阳南大街107号B段天奕商厦...,4008-659-600,,
华浔品味装饰设计工程有限公司            ,保定市莲池区 李庄街与瑞兴路交叉口（鑫和花...,4008-659-600,,
