温州泰禾装饰工程有限公司 ,温州市上江路125号3楼,18066252770,85856088,
温州迪欧装饰工程有限公司 ,温州鹿城区新城禾源大厦***,15858882221,86662221,
温州开创建筑装饰设计有限公司 ,温州市瓯海区温州大道1605号开创设计,18057776699,88900090,
温州开美装饰工程有限公司 ,温州雁荡西路100号和乐律师楼一楼,18957765566,88888518,
温州荣图装饰工程有限公司 ,车站大道万顺大厦A栋703室.,17774025252,0000000,
温州市伟业装饰有限公司 ,温州市车站大道金河大厦B幢6楼      ...,13858878525,88663072,
温州东游装饰工程有限公司 ,浙江省温州市车站大道东游大厦2105室,15382549891,88177933,
温州金棕榈建设有限公司 ,瓯海区红梅路泰恒建材市场L幢2楼,15868090196,89887702,
温州双扬装饰工程有限公司 ,温州市瓯海区娄桥街道中汇路81号瓯海金融综...,15957791116,56692161,
温州市山田装饰有限公司 ,温州市龙湾区楠溪江路1号3楼,13325772898,1234567,
温州市康木装饰工程有限公司 ,温州市瓯海区三洋街道王桥家园D-03店面,13758453310,86787893,
浙江家兴人和装饰建筑装饰工程有限公司 ,浙江省温州市龙湾区文昌路罗西住宅区9组团1...,13732076879,88835282,
温州吉丽装潢工程有限公司 ,温州市鹿城区广化桥路金浦嘉园B4-2004,13858895039,0000000,
温州易度装饰有限公司 ,车站大道东游大厦1703（新南亚酒店对面）,13858863559,88875236,
温州旭升装饰工程有限公司            ,温州市江滨西路394号二楼（欧洲城对面）,4008-659-600,,
丽园装饰工程有限公司            ,浙江省温州市鹿城区车站大道496号金润花苑...,4008-659-600,,
温州立嘉装饰工程有限公司            ,学院中路学院大厦11楼,4008-659-600,,
温州雅致装饰工程有限公司            ,温州市苍南县龙港镇康鑫大厦1006室(五十...,4008-659-600,,
鳌江贝艺装饰            ,敖江镇兴敖中路交警队旁第一幢2单元301室,4008-659-600,,
温州新湖集团装饰设计有限公司            ,苍南灵溪东仓路华洲锦园3幢1单元201室,4008-659-600,,
浙江温州腾业建筑装饰工程有限公司            ,划龙桥路78号兴利大楼西首一层,4008-659-600,,
温州阁调装饰            ,,4008-659-600,,
浙江瑞意建筑装饰设计有限公司            ,大自然5号写字楼17层,4008-659-600,,
温州恒艺装饰工程有限公司            ,温州市瓯北镇阳光大道王家坞大厦C幢一单元5...,4008-659-600,,
温州市精固装饰有限公司            ,温州市永嘉县瓯北镇香港城金山阁1701,4008-659-600,,
博洛尼整体橱柜            ,瑞安市瑞祥新区罗阳大道华龙一品,4008-659-600,,
温州小豆芽装饰设计工程有限公司            ,温州市鹿城区江滨西路丽都大厦12层01,4008-659-600,,
温州中嘉装饰设计工程有限公司            ,温州市鹿城区车站大道时代广场商务楼24楼C...,4008-659-600,,
温州当今装饰有限公司            ,浙江省温州市鹿城区锦绣路188号锦绣中城大...,4008-659-600,,
温州盛高装饰工程有限公司            ,温州市车站大道财富中心大楼1805室 ,4008-659-600,,
温州中铭装饰空间设计            ,温州市鹿城区东游大厦1703室,4008-659-600,,
温州原木空间设计工程有限公司            ,温州市瓯海区三垟街道黄屿宏发路65号,4008-659-600,,
温州木石空间装饰有限公司            ,温州市新城大道发展大厦1604,4008-659-600,,
瑞安市乐事装饰工程有限公司            ,瑞安经济开发区天瑞路188号,4008-659-600,,
温州圣联装饰工程有限公司            ,温州市瓯海景山街道景瓯小区11-308,4008-659-600,,
瑞安大卫装饰            ,,4008-659-600,,
温州云信装饰工程有限公司            ,温州市黎富大厦5楼（黎明立交桥旁）,4008-659-600,,
温州家之艺有限公司            ,温州学院路学院大厦2103,4008-659-600,,
温州市路易斯装饰工程事务所            ,浙江温州市机械大厦3楼320,4008-659-600,,
温州壹米国际室内设计            ,温州大道金宇商务楼10层,4008-659-600,,
温州轩景空间艺术有限公司            ,上吕浦锦园9幢604室,4008-659-600,,
温州安想装饰装修团队            ,鹿城区双屿梅电路2号,4008-659-600,,
温州红瓦空间设计事务所            ,永嘉瓯北前牌华达大厦B-2606,4008-659-600,,
欧捷展具商业空间            ,温州市龙湾区上江新世纪大厦B栋1501-2,4008-659-600,,
阿龙贴金工作室            ,横塘路96号,4008-659-600,,
温州山田装饰有限公司            ,浙江省温州市黎明中路94号三楼 ,4008-659-600,,
温州圣联装饰工程有限公司            ,温州市江滨路木材市场F幢121室,4008-659-600,,
温州天琪装饰有限公司            ,温州市鹿城区(下吕浦)南浦路272号,4008-659-600,,
温州天琪装饰有限公司            ,温州市鹿城区(下吕浦)南浦路272号,4008-659-600,,
 ,,4008-659-600,,
風水銘家裝飾機構            ,温州龙港镇通港路泰源锦园11-902,4008-659-600,,
360搜索 宁波营销服务中心            ,江东高新区光华路299号研发园C9幢19号...,4008-659-600,,
温州臻鼎装饰设计有限公司            ,温州市 温州经济技术开发区雁荡西路2号,4008-659-600,,
大成地暖暖通设备            ,浙江省乐清市,4008-659-600,,
永嘉县墨一装饰有限公司            ,温州市永嘉县瓯北镇东瓯景园2#207室,4008-659-600,,
立信装饰装修            ,,4008-659-600,,
温州博悦艺术装饰            ,人民东路国信大厦1115室,4008-659-600,,
浙江今古装饰建筑工程有限公司            ,温州大道730号4楼,4008-659-600,,
镭诺铭品滑动门(国际集团)有限公司            ,温州市鹿城区上吕浦锦园5幢1603,4008-659-600,,
浙江今古装饰建筑工程有限公司            ,温州大道730号4楼,4008-659-600,,
温州金匠装饰工程有限公司            ,温州上吕浦锦园5-1305,4008-659-600,,
温州鸿晟装饰工程有限公司            ,鹿城区车站大道学院大厦B407 / 宏兴路...,4008-659-600,,
浙江瑞意建筑装饰设计有限公司            ,温州市鹿城区市府路103号大自然5号写字楼...,4008-659-600,,
金巢建筑集团            ,温州市鹿城区文昌路209,4008-659-600,,
温州可立特软装            ,温州联结福4楼C25,4008-659-600,,
温州中嘉装饰设计工程有限公司            ,时代广场公寓24C1,4008-659-600,,
温州市桓庐装饰设计合伙企业（普通合伙）            ,温州市下吕浦二区冬宁,4008-659-600,,
大门装饰有限公司            ,,4008-659-600,,
温州市桓庐装饰设计合伙企业（普通合伙）            ,温州市下吕浦二区冬宁,4008-659-600,,
大门装饰有限公司            ,,4008-659-600,,
温州韵祥装饰有限公司            ,温州市车站大道金泰大厦802室,4008-659-600,,
温州天天装饰工程有限公司            ,温州黎明西路,4008-659-600,,
温州欧尚展具厂            ,,4008-659-600,,
今尚室内设计事务所            ,,4008-659-600,,
温州中盈建筑装饰工程有限公司            ,温州经济技术开发区鳌江北路75号亨嘉艺术中...,4008-659-600,,
浙江和园装饰有限公司            ,鹿城区汤家桥北路英豪花园S层,4008-659-600,,
乐清心易装饰设计有限公司            ,乐清后所南门街11号,4008-659-600,,
恒鼎装饰有限公司            ,,4008-659-600,,
温州金汉装饰工程有限公司            ,乐清是乐成丹霞路350号,4008-659-600,,
爱家乐屋装饰公司            ,龙湾区龙城锦园4号楼103室,4008-659-600,,
新时代装饰有限公司            ,,4008-659-600,,
富丽华装饰有限公司            ,乐成镇瑞丰路58弄7号（时代御峰斜对面）,4008-659-600,,
温州华派装饰工程有限公司            ,温州鹿城区宏源路设集坊文化创意园三层301...,4008-659-600,,
台州市成铭装饰有限责任公司            ,台州市广场西路,4008-659-600,,
乐清市金钥匙生活服务中心            ,乐清柳市,4008-659-600,,
温州华诚室内设计工作室            ,温州文昌路209号红连文创园208,4008-659-600,,
 ,,4008-659-600,,
温州金穗石膏装饰            ,浙江省温州市乐清市柳市镇店后村和平巷20号,4008-659-600,,
聚隆装饰工程设计有限公司            ,,4008-659-600,,
科塞特灯具瑞安分公司            ,浙江省瑞安市宏都小区16幢101室,4008-659-600,,
温州神盾 科技有限公司            ,温州市鹿城区东明路中瑞曼哈顿23栋2202...,4008-659-600,,
温州市龙湾沙城尚正室内设计工作室            ,温州市龙湾区沙城镇迎新路150号,4008-659-600,,
温州卡乐装饰公司            ,温州市西山南路正日家园一幢804室,4008-659-600,,
XXXXX            ,XXXXX,4008-659-600,,
温州中和装饰工程有限公司            ,,4008-659-600,,
温州创达装饰工程有限公司            ,南白象鹅湖工业区鹅兴路5号,4008-659-600,,
鑫久源建材装饰有限公司            ,乐清.宁康西路,4008-659-600,,
装修一条龙服务            ,鹿城温州,4008-659-600,,
瑞安市名门装饰五金商行            ,,4008-659-600,,
温州绍忠装饰有限公司            ,红莲,4008-659-600,,
温州华派装饰工程有限公司            ,温州鹿城区宏源路设集坊文化创意园三层301...,4008-659-600,,
台州市成铭装饰有限责任公司            ,台州市广场西路,4008-659-600,,
温州金汉装饰工程有限公司            ,乐清是乐成丹霞路350号,4008-659-600,,
1469室内设计所            ,温州市鹿城区黎明西路装饰城C-67,4008-659-600,,
爱家乐屋装饰公司            ,龙湾区龙城锦园4号楼103室,4008-659-600,,
新时代装饰有限公司            ,,4008-659-600,,
富丽华装饰有限公司            ,乐成镇瑞丰路58弄7号（时代御峰斜对面）,4008-659-600,,
 ,,4008-659-600,,
温州金穗石膏装饰            ,浙江省温州市乐清市柳市镇店后村和平巷20号,4008-659-600,,
乐清市金钥匙生活服务中心            ,乐清柳市,4008-659-600,,
温州华诚室内设计工作室            ,温州文昌路209号红连文创园208,4008-659-600,,
温州视野家装装饰            ,,4008-659-600,,
温州米斯诺装饰有限公司            ,温州市鹿城区上吕浦锦园5幢2003,4008-659-600,,
浙江弘易装饰有限公司            ,浙江温州龙湾经济技术开发区滨海园区滨海大道...,4008-659-600,,
温州华派装饰工程有限公司            ,温州市宏源路设集坊文化创意园三层,4008-659-600,,
浙江丽园装饰工程有限公司            ,温州市车站大道496号金润花苑六楼,4008-659-600,,
温州市金木堂空间策划有限公司            ,温州市鹿城区黎明工业园区东欧智库20号楼5...,4008-659-600,,
温州瑞百网络信息有限公司            ,,4008-659-600,,
温州九源设计装饰有限公司            ,：浙江 温州 温州市 街道：温州市鹿城区新...,4008-659-600,,
小张室内装修            ,龙港镇龙翔路,4008-659-600,,
温州兰凰洁具            ,温州经开区海工大道860号,4008-659-600,,
金诺暖通装饰有限公司            ,温州,4008-659-600,,
温州天琪装饰工程有限公司            ,温州市鹿城区下吕浦南浦路272号,4008-659-600,,
温州鸿晟装饰工程有限公司            ,温州市车站大道学院大厦407室      ...,4008-659-600,,
十几年装修            ,,4008-659-600,,
温州宏沃装饰设计有限公司            ,温州市苍南县灵溪镇人民大道华府新世界6栋1...,4008-659-600,,
业康整木家具馆            ,浙江省温州市苍南县灵溪镇东仓小区1-4幢1...,4008-659-600,,
浙江弘易装饰有限公司            ,浙江温州龙湾经济技术开发区滨海园区滨海大道...,4008-659-600,,
温州华派装饰工程有限公司            ,温州市宏源路设集坊文化创意园三层,4008-659-600,,
益家装饰有限公司            ,乐清柳市,4008-659-600,,
龙腾装饰工程公司            ,,4008-659-600,,
海一角装潢家私有限公司            ,温州龙湾区海滨街道宁城西路52号,4008-659-600,,
温州今古装饰设计工程有限公司            ,温州大道508号广纳五金城南区“懒人装”设...,4008-659-600,,
嘉乐士环保油漆            ,,4008-659-600,,
温州欧尚展具厂            ,,4008-659-600,,
摩科卫浴有限公司            ,,4008-659-600,,
浙江和园装饰有限公司            ,鹿城区汤家桥北路英豪花园S层,4008-659-600,,
温州翔君装饰有限公司            ,温州市鹿城区黎明东路38号,4008-659-600,,
九州装修公司            ,浙江省洞头县,4008-659-600,,
瑞安市博艺装饰工程有限公司            ,中国浙江温州瑞安罗阳大道700弄1栋3单元...,4008-659-600,,
温州中和装饰工程有限公司            ,,4008-659-600,,
浙江韩家地板有限公司            ,浙江湖州市南浔强园东路2685号,4008-659-600,,
博艺装饰工程有限公司            ,瑞安市罗阳大道700弄1幢3单元2楼,4008-659-600,,
温州天鸿装饰工程有限公司            ,乐清银来大厦B栋10楼A01,4008-659-600,,
万和万家装饰设计工程            ,瑞安塘下镇塘下大道瑞光大楼(君欧大酒店正对...,4008-659-600,,
木石空间装饰有限公司            ,鹿城区新城大道发展大厦1604,4008-659-600,,
今尚室内设计事务所            ,,4008-659-600,,
木石空间装饰有限公司            ,鹿城区新城大道发展大厦1604,4008-659-600,,
温州瑞安市乐事装饰有限公司            ,浙江省温州瑞安市,4008-659-600,,
温州好来居装饰设计工程有限公司            ,温州市鹿城区新城万源路853,4008-659-600,,
志坚专业装璜            ,,4008-659-600,,
温州铭和装饰工程有限公司            ,温州市鹿城区南浦路强强锦园1幢2单元110...,4008-659-600,,
温州九源设计装饰有限公司            ,：浙江 温州 温州市 街道：温州市鹿城区新...,4008-659-600,,
宏鑫水电安装            ,平阳鳌江文苑公寓83,4008-659-600,,
平阳鑫匠室内装饰工作室            ,鳌江镇柳南街87号,4008-659-600,,
温州温宝地暖安装公司            ,,4008-659-600,,
温州天琪装饰工程有限公司            ,温州市鹿城区下吕浦南浦路272号,4008-659-600,,
途成软包装饰材料            ,,4008-659-600,,
摩科卫浴有限公司            ,温州市海城,4008-659-600,,
温州好西好装饰有限公司            ,温州市百里东路百榕大厦9幢1304室北首,4008-659-600,,
乐清焦点装饰工程有限公司            ,乐清市清远路号三楼(小肥羊楼上),4008-659-600,,
温州市瑞庭装饰有限公司            ,温州高新园区文昌路209号红连大厦,4008-659-600,,
温州易家装饰有限公司            ,鹿城区惠民路21号三楼,4008-659-600,,
品尚装饰公司            ,,4008-659-600,,
温州丰成建设有限公司            ,望景苑3-306,4008-659-600,,
聚隆装饰工程设计有限公司            ,,4008-659-600,,
科塞特灯具瑞安分公司            ,浙江省瑞安市宏都小区16幢101室,4008-659-600,,
九州装修公司            ,浙江省洞头县,4008-659-600,,
瑞安市博艺装饰工程有限公司            ,中国浙江温州瑞安罗阳大道700弄1栋3单元...,4008-659-600,,
温州思图映象装饰设计            ,温州市金汇广场4幢304,4008-659-600,,
雷卡曼装饰工程有限公司            ,温州市上吕浦锦园5幢404,4008-659-600,,
瑞安盛邦装饰            ,瑞安塘下环城大厦2单元1302室,4008-659-600,,
浙江韩家地板有限公司            ,浙江湖州市南浔强园东路2685号,4008-659-600,,
博艺装饰工程有限公司            ,瑞安市罗阳大道700弄1幢3单元2楼,4008-659-600,,
温州天鸿装饰工程有限公司            ,乐清银来大厦B栋10楼A01,4008-659-600,,
温州辰光科技有限公司            ,温州市瓯海区南白象街道温瑞大道2012号,4008-659-600,,
木石空间装饰有限公司            ,鹿城区新城大道发展大厦1604,4008-659-600,,
摩科卫浴有限公司            ,,4008-659-600,,
顺雅诚信装修            ,雅阳镇官口北街7号,4008-659-600,,
索克建材塘下店            ,,4008-659-600,,
温州装修设计工程有限公司            ,,4008-659-600,,
小张室内装修            ,龙港镇龙翔路,4008-659-600,,
温州天翔软装设计            ,,4008-659-600,,
温州一鼎装潢设计工程有限公司            ,,4008-659-600,,
温州圣都装饰工程有限公司            ,,4008-659-600,,
温州城邦装饰工程有限公司            ,温州市鹿城区吴丰路15号,4008-659-600,,
浙江省祥鑫装饰建筑有限公司            ,,4008-659-600,,
乐清利盛装饰工程有限公司            ,乐清市晨曦路108号水上花园B栋2单元30...,4008-659-600,,
温州杰诚装饰工程有限公司            ,,4008-659-600,,
温州七好装饰工程有限公司            ,,4008-659-600,,
瑞安市伯铎音响            ,塘下镇新华西路495-497号,4008-659-600,,
温州光云装饰有限公司            ,温州市瓯海区瞿溪街道,4008-659-600,,
陶山开元装饰            ,瑞安市陶山镇金峰路39号,4008-659-600,,
永嘉县港龙装饰有限公司            ,永嘉县瓯北镇罗浮大街,4008-659-600,,
宏欣装饰团队            ,,4008-659-600,,
温州市桓庐装饰设计合伙企业(普通合伙)            ,,4008-659-600,,
温州城邦装修工程有限公司            ,温州市鹿城区吴桥工业区法派路22号,4008-659-600,,
温州市鲁班装修有限公司            ,瑞安市罗阳大道1865号,4008-659-600,,
温州市龙湾永中啊照涂料店            ,龙湾美居中心A157号(滨海大酒店对面),4008-659-600,,
温州七好装饰工程有限公司            ,,4008-659-600,,
温州雅福居装饰工程有限公司            ,地址在温州市鹿城区车站大道金城大厦D幢60...,4008-659-600,,
台湾昌隆国际装饰            ,灵溪镇华洲锦园1幢2层（小区进门左首）,4008-659-600,,
安想装饰有限公司            ,,4008-659-600,,
温州屹耘装饰工程有限公司            ,,4008-659-600,,
温州市桓庐装饰设计合伙企业(普通合伙)            ,,4008-659-600,,
温州市桓庐装饰设计合伙企业            ,,4008-659-600,,
温州美邦装饰工程有限公司            ,,4008-659-600,,
温州天翔软装设计            ,,4008-659-600,,
温州圣都装饰工程有限公司            ,,4008-659-600,,
温州城邦装饰工程有限公司            ,温州市鹿城区吴丰路15号,4008-659-600,,
台湾昌隆国际装饰            ,灵溪镇华洲锦园1幢2层（小区进门左首）,4008-659-600,,
安想装饰有限公司            ,,4008-659-600,,
温州屹耘装饰工程有限公司            ,,4008-659-600,,
温州山本装饰工程有限公司            ,,4008-659-600,,
温州市桓庐装饰设计合伙企业            ,,4008-659-600,,
温州美邦装饰工程有限公司            ,,4008-659-600,,
匠芯装饰            ,,4008-659-600,,
零距离装饰            ,,4008-659-600,,
温州静立方隔音门窗有限公司            ,,4008-659-600,,
温州市龙湾永中啊照涂料店            ,龙湾美居中心A157号(滨海大酒店对面),4008-659-600,,
温州苹果装饰            ,,4008-659-600,,
温州七好装饰工程有限公司            ,,4008-659-600,,
温州市鲁班装修有限公司            ,瑞安市罗阳大道1865号,4008-659-600,,
温州雅福居装饰工程有限公司            ,地址在温州市鹿城区车站大道金城大厦D幢60...,4008-659-600,,
台湾昌隆国际装饰            ,灵溪镇华洲锦园1幢2层（小区进门左首）,4008-659-600,,
安想装饰有限公司            ,,4008-659-600,,
温州市桓庐装饰设计合伙企业(普通合伙)            ,,4008-659-600,,
温州屹耘装饰工程有限公司            ,,4008-659-600,,
温州城邦装修工程有限公司            ,温州市鹿城区吴桥工业区法派路22号,4008-659-600,,
温州市桓庐装饰设计合伙企业            ,,4008-659-600,,
温州美邦装饰工程有限公司            ,,4008-659-600,,
温州金邦装饰设计有限公司            ,温州泰顺县罗阳镇华鸿广场1栋101室,4008-659-600,,
匠芯装饰            ,,4008-659-600,,
温州过家家装饰            ,,4008-659-600,,
温州瓯开建筑工程有限公司            ,温州瓯海区荣新路6号,4008-659-600,,
温州云鸿装饰工程有限公司            ,温州车站大道1号(宏泰大厦南侧1-3层),4008-659-600,,
温州旭升装饰有限公司            ,温州市滨江街道万源路872弄26号(东瓯智...,4008-659-600,,
温州市庆源装饰设计工程有限公司            ,温州市鹿城区车站大道交行广场11A,4008-659-600,,
温州腾业装饰设计工程有限公司            ,温州市吴桥大厦A幢1801室（温三中对面）,4008-659-600,,
温州庆源装饰工程有限公司            ,,4008-659-600,,
温州蓝建装饰工程有限公司            ,,4008-659-600,,
温州海珀装饰工程有限公司            ,,4008-659-600,,
温州三奇装饰工程有限公司            ,车站大道交行广场18A,4008-659-600,,
温州典雅装饰工程有限公司            ,温州市车站大道盛德大厦1503室,4008-659-600,,
温州康居装饰工程有限公司            ,,4008-659-600,,
温州鑫艺装饰工程有限公司            ,,4008-659-600,,
温州三邦装饰有限公司            ,温州市瓯海区温州大道1609二楼,4008-659-600,,
温州大家庭装饰工程有限公司            ,,4008-659-600,,
温州一品居装饰工程有限公司            ,温州市车站大道宏泰大厦2栋1301,4008-659-600,,
上海三箭装饰有限公司温州分公司            ,温州黎明西路110号5幢三楼,4008-659-600,,
温州源艺装饰有限公司            ,温州万源路华泰大厦1幢404室(新城站旁),4008-659-600,,
温州生态园燕语装饰有限公司            ,,4008-659-600,,
温州罗浮名家装饰工程有限公司            ,温州市平阳县鳌江区,4008-659-600,,
温州市奇艺装饰工程设计有限公司            ,东龙路东立景园6栋402室,4008-659-600,,
温州家艺装饰工程有限公司            ,温州市瓯海区梧田街道南堡村东方北路84号4...,4008-659-600,,
温州市平安饰居装饰工程有限公司            ,温州市鹿城区 南浦路 上吕浦锦园 10栋3...,4008-659-600,,
 ,,4008-659-600,,
温州精思工程装饰有限公司            ,温州市黎明西路东方大厦2304室,4008-659-600,,
温州铭和装饰工程有限公司            ,温州市强强锦园1栋2单元1106室,4008-659-600,,
温州立方装饰有限公司            ,江滨西路金讯达大厦a幢701室,4008-659-600,,
温州蘑菇+装饰            ,温州市鹿城区黎明西路海关裙楼B幢2楼,4008-659-600,,
温州居联装饰有限公司            ,温州瓯海区六虹桥路961号,4008-659-600,,
浙江建饰达装饰工程有限公司            ,温州大道1605号文化金融小镇A-602室,4008-659-600,,
中观国际装饰公司            ,温州市东游大厦2504室,4008-659-600,,
温州新一方装饰有限公司            ,浙江省乐清柳市柳青北路柳丰大厦1单元501...,4008-659-600,,
尚呈装饰工程有限公司            ,温州市鹿城区新城大自然家园会所三层,4008-659-600,,
温州今古建筑装饰工程有限公司            ,温州大道730号4楼,4008-659-600,,
温州1469空间设计事务所            ,温州市鹿城区黎明西路温州装饰城C-67二楼,4008-659-600,,
温州天晟装饰工程有限公司            ,温州市鹿城区新城花源路157号5楼,4008-659-600,,
温州匠心装饰工程有限公司            ,温州市鹿城区车站大道下吕浦锦园5幢301室,4008-659-600,,
温州上品装潢建筑有限公司            ,温州市欧洲城中心大楼704,4008-659-600,,
温州金碧园装饰工程有限公司            ,浙江省温州市鹿城区车站大道东游大厦2501...,4008-659-600,,
温州禾墨装饰设计有限公司 H&M            ,温州市欧洲城一期3幢1601,4008-659-600,,
浙江视野环境艺术装饰工程有限公司            ,温州市黎明工业区花源路29号,4008-659-600,,
温州市云丽装饰工程有限公司            ,新城大道华泰大厦2-1704,4008-659-600,,
温州昕逸装饰工程有限公司            ,温州市鹿城区南塘四组团1幢2501室,4008-659-600,,
上海圣旭装饰工程有限公司            ,温州市鹿城区金桥路吕浦花园13幢一层,4008-659-600,,
温州韵祥装饰            ,温州市车站大道金泰大厦A幢802室,4008-659-600,,
温州市易尚国际装饰工程有限公司            ,温州市龙湾区温州大道768号温州故事二楼,4008-659-600,,
温州宝乐装饰有限公司            ,鹿城区宏嘉大厦2--1501,4008-659-600,,
温州雅泰装饰有限公司            ,温州市鹿城区会展路滨江花苑51幢,4008-659-600,,
浙江百业建筑装饰有限公司            ,博沃嘉园6幢702,4008-659-600,,
臻鼎国际创意设计机构            ,温州经济技术开发区雁荡西路2号402室,4008-659-600,,
温州天玛装饰有限公司            ,温州望江西路木材市场E幢215-218,4008-659-600,,
温州庆源装饰设计工程有限公司            ,温州黎富大厦2003室（黎明立交桥边）,4008-659-600,,
温州毫厘建筑装饰有限公司            ,方正大厦1幢1602室,4008-659-600,,
温州百仕邸装饰有限公司            ,温州市鹿城区南塘4组团,4008-659-600,,
温州森罗空间设计事务所            ,温州垟儿路47号红太阳设计创意园6F,4008-659-600,,
温州万川装饰工程有限公司            ,温州车站大道神力大厦10楼,4008-659-600,,
温州易百装饰工程有限公司            ,浙江温州学院路 7号 LOFT浙江创意园 ...,4008-659-600,,
臻域装饰工程有限公司            ,宏都小区29幢1单元501室,4008-659-600,,
