景鑫装饰设计有限公司            ,河北省唐山市路北区唐百时代家居建材博览中心...,4008-659-600,,
苹果装饰设计工程有限公司            ,河北省唐山市路南区万达广场A座606,4008-659-600,,
金诚装饰有限公司            ,唐山市路北区建华东道19号(广大家居内）,4008-659-600,,
元洲装饰            ,河北 唐山 北新道丽景琴园1-21,4008-659-600,,
塞纳春天装饰工程有限公司            ,唐山市路北高新区龙华道与开三路交叉口金色河...,4008-659-600,,
梵高装饰设计有限公司            ,河北 唐山 唐山市路北区,4008-659-600,,
云艺装饰有限公司            ,国盛商贸城一期9-18号,4008-659-600,,
市格典装饰有限公司            ,唐山路南区南东道269号东方家园2楼d-1...,4008-659-600,,
市昊昱装饰工程有限公司            ,河北省唐山市路北区光明路与翔云道交叉口北行...,4008-659-600,,
战友装饰有限公司            ,河北省唐山市路南区万博源建材城商业街69号,4008-659-600,,
开源装饰工程有限公司            ,君瑞国际商业楼1单元1门516号,4008-659-600,,
市昊昱装饰工程有限公司            ,河北省唐山市路北区光明路与翔云道交叉口北行...,4008-659-600,,
战友装饰有限公司            ,河北省唐山市路南区万博源建材城商业街69号,4008-659-600,,
日照市福佳装饰工程有限公司            ,,4008-659-600,,
舍一装饰设计有限公司            ,路北区北新道学院路口西南侧100米凯源花苑,4008-659-600,,
鼎帝装饰有限公司            ,滦县建材市场B区27号,4008-659-600,,
实创（）装饰有限公司            ,唐山市高新区元龙大厦4层,4008-659-600,,
中洲装饰工程有限公司            ,唐山市路北区光明路与祥云道交叉口北行300...,4008-659-600,,
今朝装饰设计有限公司            ,建设北路居然之家六层,4008-659-600,,
水木南山装饰有限公司            ,曹妃甸区唐海镇建设大街140号,4008-659-600,,
北京御峰轩装饰分公司            ,唐山市路北区长宁道与卫国北路交叉口北行50...,4008-659-600,,
实创()装饰工程有限公司            ,唐山市高新区建设北路与龙华道交叉口元龙大厦...,4008-659-600,,
鲁班装饰设计有限公司            ,唐山路北区 军创凯旋城底商3号,4008-659-600,,
 中辉装饰工程有限公司            ,唐山-路北区-百货大楼 新天地一条街F3-...,4008-659-600,,
嘉祺装饰设计工程有限公司            ,,4008-659-600,,
易宸装饰            ,唐山-路北区 路北区远洋城,4008-659-600,,
波涛装饰公司            ,河北唐山唐山路北区大里北路蓝天家园商品,4008-659-600,,
市浩元装饰设计工作室            ,唐山市路北区建设路与龙福南道交叉口会展中心...,4008-659-600,,
金典装饰            ,唐山-丰润区-丰润 美景花园底商一号（中铁...,4008-659-600,,
星艺装饰有限公司            ,唐山市 路北区北新西道71号（圣典茶楼东3...,4008-659-600,,
