诸城中兴装饰            ,诸城,4008-659-600,,
恒升逸品装饰            ,诸城,4008-659-600,,
饰家装饰            ,诸城,4008-659-600,,
简美有限公司            ,诸城,4008-659-600,,
诸城市同合社装饰有限公司            ,诸城,4008-659-600,,
诸城印象装饰            ,诸城,4008-659-600,,
诸城瑞洋创意装饰            ,诸城,4008-659-600,,
诸城中山装饰            ,诸城,4008-659-600,,
峰蕙简一            ,鑫诚广场益家园,4008-659-600,,
北京实创家居装饰集团(江西)有限公司            ,南昌市洪城路6号国贸新华都广场1-3层,4008-659-600,,
一号家居网南昌站            ,江西省南昌市青山湖区上海路699文化创意园,4008-659-600,,
南昌星之居装饰设计有限公司            ,南昌市上海路699号699创意工场,4008-659-600,,
南昌一号家居网            ,南昌市青山湖区上海路699文化创意园,4008-659-600,,
南昌天品装饰设计有限公司            ,,4008-659-600,,
鲁公装饰            ,西湖孺子路1号,4008-659-600,,
南昌欧坊装饰            ,洪城路576号天使商务大厦t层,4008-659-600,,
一号家居网南昌站            ,江西省南昌市青山湖区上海路699文化创意园,4008-659-600,,
南昌实创家居装饰            ,南昌市洪城路6号新华都购物广场3楼,4008-659-600,,
南昌高鸿装饰工程有限公司            ,抚生路1199号喜盈门灯饰广场三楼,4008-659-600,,
诸城市鸿达家居装饰            ,繁荣西路龙源学校东100米,4008-659-600,,
诸城同合社家居装饰有限公司            ,,4008-659-600,,
诸城市鸿达家居装饰公司            ,山东省诸城市繁荣西路龙源学校东100米路南,4008-659-600,,
美泉装饰            ,,4008-659-600,,
潍坊君诚装饰工程有限公司            ,山东省潍坊市诸城市南关路东武古城商务楼71...,4008-659-600,,
诸城桐样设计公司            ,诸城市舜王街道钢材市场,4008-659-600,,
诸城市东方装饰有限公司            ,诸城,4008-659-600,,
诸城東兴装饰            ,诸城,4008-659-600,,
诸城好兄弟装饰有限公司            ,诸城,4008-659-600,,
诸城市朋朋装饰            ,诸城,4008-659-600,,
诸城中兴装饰            ,诸城,4008-659-600,,
鲁班装饰设计有限公司            ,南昌,4008-659-600,,
交换空间装饰有限公司            ,南坪会展中心9玺国际8栋,4008-659-600,,
诸城水木居装饰            ,诸城,4008-659-600,,
诸城惠家装饰            ,诸城,4008-659-600,,
江西苹果装饰-江西苹果装饰(旗舰店)            ,江西省南昌市西湖区洪城路丽都广场a栋苹果装...,4008-659-600,,
诸城罡艺装饰            ,诸城,4008-659-600,,
实创家居装饰集团有限公司            ,青云谱洪都洪城路6号国贸广场13层,4008-659-600,,
