阆中市拓维装饰设计有限公司 ,中润商贸城二期4栋219-220,18781719042,6389393,
阆中创意家装饰工程有限公司 ,阆中市七里开发区中润国际商贸城一期三栋三楼,17726365080,6463800,
华祥装饰            ,南充市顺庆区市政新区环都大道二段1号、一段...,4008-659-600,,
生活家装饰工程有限公司            ,南充市嘉陵区光彩大市场,4008-659-600,,
梦想家装饰有限公司            ,阆中市飞凤镇3组47号,4008-659-600,,
阆中大铭装饰有限公司            ,阆中市七里街道千鹤小区25号,4008-659-600,,
成都居之家恋巢装饰工程有限公司高坪分公司            ,南充市高坪区安汉路红星美凯龙5楼,4008-659-600,,
爱和美装饰设计有限公司            ,四川省阆中宝马镇云天新城一楼45号,4008-659-600,,
家和装饰工程有限公司            ,阆中滨江中路二段25号,4008-659-600,,
优德装饰设计有限公司            ,南充市顺庆区滨江北路二段20-22号(市政...,4008-659-600,,
 ,,4008-659-600,,
四川宏达瑞鑫装饰工程有限公司            ,南充市南部县金葫路新城壹号,4008-659-600,,
深圳画美居装饰工程有限公司分公司            ,南充市顺庆区滨江中路2段175号现代名门2...,4008-659-600,,
市国绘装饰工程有限公司            ,南充市顺庆区镇江西路一段75-85号,4008-659-600,,
品梵装饰设计()分公司            ,阆中市中润商贸城二期4栋,4008-659-600,,
大显国际设计有限公司            ,顺庆区龙吟路58号龙吟水郡一区15幢1层2...,4008-659-600,,
 ,,4008-659-600,,
东易装饰有限公司            ,光彩大市场二区一栋二楼九号,4008-659-600,,
市三星装饰设计工程有限公司            ,南充市顺庆区十字下街76号,4008-659-600,,
南充华顺装饰有限公司            ,南充市嘉陵区光彩大市场,4008-659-600,,
 ,,4008-659-600,,
东易装饰有限公司            ,光彩大市场二区一栋二楼九号,4008-659-600,,
市三星装饰设计工程有限公司            ,南充市顺庆区十字下街76号,4008-659-600,,
天猫家装e站            ,南充市光彩大市场2区1栋11至13号,4008-659-600,,
 ,,4008-659-600,,
 ,,4008-659-600,,
华顺装饰            ,嘉陵区光彩大市场,4008-659-600,,
 ,,4008-659-600,,
重庆素云轩装饰设计工程有限责任公司            ,重庆九龙坡区杨家坪团结路47号,4008-659-600,,
四川省尚宅名居装饰工程有限公司            ,南充市阆中市七里街道中润国际商贸城一期5栋...,4008-659-600,,
明人装饰有限公司            ,四川南充德阳市岷江西路256号汇通大厦B栋...,4008-659-600,,
东易装饰有限公司            ,南充嘉陵区光彩大市场二区一幢（进正大门左侧...,4008-659-600,,
品觉装饰有限公司            ,四川南充,4008-659-600,,
 ,,4008-659-600,,
