鹤山市沙坪南国鼎峰装饰设计工作室 ,鹤山市沙坪镇大鹏路综合楼南国鼎峰装饰,18026878910,8805505,
鹤山市沙坪兴达装饰设计工程部 ,鹤山市沙坪十里方圆小镇风情商业街兴达路56...,13686935178,8801574,
居众装饰            ,广东省鹤山市,4008-659-600,,
你好爱家装饰有限公司            ,广东省鹤山市,4008-659-600,,
蓬江区天润装饰设计部            ,广东省鹤山市,4008-659-600,,
艾度家居装饰有限公司            ,广东省鹤山市,4008-659-600,,
恒艺装饰设计有限公司            ,广东省鹤山市,4008-659-600,,
市梦居装饰工程有限公司            ,广东省鹤山市,4008-659-600,,
市家润装饰设计工程有限公司            ,广东省鹤山市,4008-659-600,,
 ,,4008-659-600,,
 ,,4008-659-600,,
广州原弧装饰工程有限公司鹤山分公司            ,江门市鹤山市鹤城镇鹤舞昆仑商铺13~15号,4008-659-600,,
名匠装饰设计有限公司            ,广东省鹤山市,4008-659-600,,
市梦居装饰工程有限公司            ,江门市蓬江区丰乐路三号首层,4008-659-600,,
江门市酌美装饰工程有限公司            ,广东省鹤山市,4008-659-600,,
市志图装饰工程有限责任公司            ,,4008-659-600,,
江门市安宇装饰设计工程有限公司            ,广东省鹤山市,4008-659-600,,
鹤山华浔品味装饰设计工程有限公司            ,江门市鹤山市,4008-659-600,,
鹤山市沙坪兴达装饰设计工程部            ,,4008-659-600,,
广东华浔品味装饰有限公司            ,广东省鹤山市,4008-659-600,,
广东豪派装饰有限公司            ,,4008-659-600,,
洛阳业之峰装饰            ,广东省鹤山市,4008-659-600,,
广东名象装饰有限公司            ,,4008-659-600,,
广东轻舟装饰有限公司            ,广东省鹤山市,4008-659-600,,
广州品峰装饰有限公司            ,,4008-659-600,,
广东九鼎装饰有限公司            ,广东省鹤山市,4008-659-600,,
广州皇丞装饰有限公司            ,广东省鹤山市,4008-659-600,,
广州大匠装饰有限公司            ,广东省鹤山市,4008-659-600,,
广东星艺装饰有限公司分公司            ,东华二路五邑大学研究生楼首层,4008-659-600,,
广东名匠装饰有限公司            , 江门市蓬江区港口路128号东华大厦首层大...,4008-659-600,,
贵春装饰工程有限公司            ,广东省江门市天河中路26号103室,4008-659-600,,
市明皓装饰工程有限公司            ,广东省江门市蓬江区发展大道33号109室,4008-659-600,,
名匠装饰有限公司            ,江门市蓬江区港口一路128号首层名匠装饰,4008-659-600,,
