丰城永伸装饰设计工程有限公司 ,江西省丰城市新城区梦祥路452号,18979500038,400-000-8097,
众亿鑫装饰工程有限公司            ,江西省 宜春市 袁州区 宜春市芦洲北路,4008-659-600,,
上海波涛装饰（集团）有限公司高安分公司            ,江西省高安市高安大道438号,4008-659-600,,
百川装饰工程公司            ,江西-宜春-宜春市袁州区-高士北路丽景山庄,4008-659-600,,
江西天恒装饰工程有限责任公司            ,宜春市 袁州区 国际商贸城8栋,4008-659-600,,
江西创威九鼎装饰工程有限公司            ,江西宜春袁州区高士北路,4008-659-600,,
市澳特设计装饰工程有限公司            ,江西省宜春市袁州区中山东路,4008-659-600,,
名匠装饰有限公司            ,丰城洪都中大道隆鑫广场a4栋103铺,4008-659-600,,
丛一楼装饰公司            ,高士北路一千零一夜楼上,4008-659-600,,
市宜阳道禾家居体验馆            ,,4008-659-600,,
市宜阳道禾家居体验馆            ,,4008-659-600,,
鼎诚环保科技            ,樟树城北开发区,4008-659-600,,
丰城市九木堂装饰设计有限公司            ,江西省丰城市新城区梦祥378号,4008-659-600,,
欧坊装饰公司            ,宜春市袁州区宜阳大道105-8号,4008-659-600,,
市鲁公大宅装饰有限公司            ,高安市高安大道华鼎中央城对面永泰家园202,4008-659-600,,
宜春弈昌装饰集团            ,宜春市西湖区抚生南路博富大厦二楼,4008-659-600,,
市宜阳道禾家居体验馆            ,江西宜春市袁州区高士北路1360号,4008-659-600,,
丰城道艺装饰有限公司            ,丰城红谷滩万达中心写字楼B2-814,4008-659-600,,
市实创美家装饰设计工程有限公司            ,宜春市袁州区市政府旁,4008-659-600,,
嘉祺装饰设计工程有限公司            ,,4008-659-600,,
江西省丛一楼装饰工程有限公司            ,宜春市高士北路990号,4008-659-600,,
星艺装饰有限公司            ,南昌市北京东路·恒茂国际都会...,4008-659-600,,
波涛装饰公司            ,高新区南二环西段财富中心,4008-659-600,,
南国风装饰工程有限工司            ,青山湖南大道墅溪园,4008-659-600,,
广州市华宁装饰工程有限公司南昌分公司            ,江西省南昌市西湖区广润门三区37栋1号,4008-659-600,,
南昌市思晨装饰工程有限公司            ,江西省南昌市红谷滩新区万达广场A1-310,4008-659-600,,
丰城市邑都装饰工程有限公司            ,丰城市龙祥家园6栋19-20号商铺,4008-659-600,,
