丽江兴鸿建筑装饰工程有限公司 ,丽江 玉龙县黄山镇嘉乐建材城 4号门3栋 ...,18787671369,0620857,
丽江彩木装饰工程有限公司 ,嘉乐建材市场9栋4-6号,13988879933,8886818,
丽江群力装饰设计工程有限公司 ,丽江庆云东路祥顺商厦5楼,13578390921,5802678,
城市人家装饰有限公司            ,丽江古城区盛达商贸城1楼511号,4008-659-600,,
鲁班装饰设计有限公司            ,丽江古城区康仲路156号,4008-659-600,,
三星装饰有限公司            ,丽江市金凯广场1205号,4008-659-600,,
名匠装饰有限公司            ,丽江古城区长水路50号,4008-659-600,,
美星装饰集团            ,丽江束河古镇652号,4008-659-600,,
山水集团早晨装饰有限公司            ,丽江古城区长水路89号 装饰,4008-659-600,,
交换空间装饰有限公司            ,丽江会展中心1幢8栋,4008-659-600,,
实创家居装饰集团有限公司            ,青云谱洪都洪城路6号国贸广场13层,4008-659-600,,
丽江龙发装饰有限公司            ,古城区祥和路71号,4008-659-600,,
丽江业之峰装饰有限公司            ,丽江财富广场b座22层,4008-659-600,,
丽江林涵设计装饰公司            ,丽江长水路中国邮政银行靠阳光建材城,4008-659-600,,
云南开艳建筑装饰有限公司            ,丽江市古城区庆云路39号,4008-659-600,,
丽江鼎悦装饰工程有限公司            ,丽江市玉龙县玉兴东路58号,4008-659-600,,
晨旭装饰设计有限公司            ,丽江市古城区昌洛路四季家园8栋02号(一楼...,4008-659-600,,
金芒果装饰集团            ,江西省吉安市吉州区广场北路1号(新世界广场...,4008-659-600,,
南昌三帝装饰设计有限公司            ,南昌市青山湖区洪都北道299号高能金域名都...,4008-659-600,,
 ,,4008-659-600,,
南昌市轩仝宇装饰工程有限公司            ,江西省南昌市西湖区子安路89号1602,4008-659-600,,
丽江安心装饰            ,,4008-659-600,,
卓艺装饰工程有限公司            ,玉雪大道太和商厦5楼,4008-659-600,,
雅居装饰            ,,4008-659-600,,
朝阳装饰            ,,4008-659-600,,
古城区朝阳古建队            ,古城区康仲路法院小区2号,4008-659-600,,
丽江弈昌装饰            ,丽江古城区金凯广场,4008-659-600,,
丽江欧坊装饰工程有限公司            ,丽江古城区康仲路80号,4008-659-600,,
易尚装饰            ,丽江古城区西安街681号,4008-659-600,,
丽江实创家居装饰有限公司            ,丽江玉泽东路玉水金地映像红木家旁,4008-659-600,,
阔达建筑装饰工程有限责任公司            ,丽江市玉龙纳西自治县泓文路文峰苑北院区,4008-659-600,,
鲁公大宅装饰工程公司            ,丽江古城区长水路嘉和建材城,4008-659-600,,
嘉祺装饰设计工程有限公司            ,,4008-659-600,,
星艺装饰有限公司            ,南昌市北京东路·恒茂国际都会...,4008-659-600,,
波涛装饰公司            ,高新区南二环西段财富中心,4008-659-600,,
南国风装饰工程有限工司            ,青山湖南大道墅溪园,4008-659-600,,
广州市华宁装饰工程有限公司南昌分公司            ,江西省南昌市西湖区广润门三区37栋1号,4008-659-600,,
丽江市思晨装饰工程有限公司            ,丽江玉龙纳西族自治县杏林家园59幢底商,4008-659-600,,
中建正隆装饰有限公司            ,丽江玉龙纳西自治县青龙南路115号,4008-659-600,,
南昌道艺装饰有限公司            ,南昌市红谷滩万达中心写字楼B2-814,4008-659-600,,
华浔品味装饰            ,东路鹿鼎家居4楼b馆,4008-659-600,,
