淮南豪盛装饰工程有限公司 ,凤台县凤城大道龙祥花园北门(金地新天地商业...,15755419756,8880052,
市盛宅装饰工程有限公司            ,淮南安城建材大市场5号楼3楼1室,4008-659-600,,
市兰寓设计装饰有限公司            ,安徽-淮南-淮南市-田家庵区龙湖中心步行街...,4008-659-600,,
万邦装饰工程有限公司            ,淮南-田家庵 金茂酒店向东50米 金徽华庭...,4008-659-600,,
安徽省柒号装饰工程有限公司            ,淮南市田家庵区国庆西路上品印象饕街A1号楼...,4008-659-600,,
华艺装饰工程有限公司            ,淮南市田家庵区龙湖南路金色大地透天铺二层D...,4008-659-600,,
市景秀建筑装饰工程有限公司            ,,4008-659-600,,
相林美宅装饰工程有限公司            ,淮南市田家庵区淮河新城三期西门花鸟市场对面...,4008-659-600,,
合肥泊岸装饰工程有限公司            ,淮南市山南印象35#门面,4008-659-600,,
安徽省香巴拉房地产开发有限公司            ,银鹭万树城北门东首,4008-659-600,,
安徽万邦装饰工程有限公司            ,淮南市田家庵区淮河新城前城公寓商铺,4008-659-600,,
淮南市华赢装饰工程有限公司            ,安成建材市场四号楼三楼,4008-659-600,,
市理想信念装饰工程有限公司            ,淮南市田家庵区朝阳东路金地国际城31#10...,4008-659-600,,
志达装饰工程有限公司            ,淮南市田家庵区陈家岗金徽华庭南门面7-8层...,4008-659-600,,
市神州方园装饰设计有限公司            ,安徽省淮南市田家庵区广场北路福苑楼502室,4008-659-600,,
徽彩居装饰工程有限公司            ,淮南市田家庵区龙湖路一号,4008-659-600,,
同洲装饰工程有限公司            ,八公山新淮小区一层沿街商铺128号,4008-659-600,,
徐兵装饰            ,淮南市田家庵区金地国际城A区32#105商...,4008-659-600,,
市山南雅筑装饰工程有限责任公司            ,淮南市山南印象21#189商铺,4008-659-600,,
爱尚经典装饰有限公司            ,淮南市田家庵区朝阳街道朝阳中路原胜发大厦综...,4008-659-600,,
创域装饰工程有限公司            ,田家庵区永安大市场西门向东50米,4008-659-600,,
市联创装饰工程有限公司            ,淮南市田家庵区龙湖中心9号楼613 ,4008-659-600,,
金泽装饰工程有限公司            ,银鹭万树城北门工贸学院向西300米,4008-659-600,,
淮南市金创艺装饰设计工程有限公司            ,淮南市舜耕中路火车站东300米金大陆钻石公...,4008-659-600,,
北京元洲装饰集团公司淮南分公司            ,淮南市舜耕西路惠利花园商贸广场105-10...,4008-659-600,,
美星装饰集团凤台分公司            ,凤台凤城大道国土大厦,4008-659-600,,
交换空间精品装饰公司            ,安徽省淮南市田家庵区朝阳西路新时代广场B座,4008-659-600,,
实创家居装饰集团有限公司凤台分公司            ,凤台县职教中心旁,4008-659-600,,
星艺装饰有限公司分公司            ,淮南市国庆西路88号工贸学院（国瑞药业斜对...,4008-659-600,,
市轩宇装饰工程有限公司君诚装饰            ,安徽省 淮南市田家庵区淮河新城售楼部路口向...,4008-659-600,,
市盛泰装饰设计工程有限公司            ,淮南田家庵朝阳东路罗马广场西侧,4008-659-600,,
