寿光市林盛装饰工程有限公司 ,山东省寿光市国际商贸城A区北2号房,13153669163,5193163,
寿光东华装饰有限公司            ,寿光红谷滩万达中心写字楼B2-814,4008-659-600,,
寿光万泰装饰设计有限公司            ,潍坊寿光市温泉大酒店东100米路口西北角,4008-659-600,,
寿光业之峰装饰工程有限公司            ,潍坊 寿光市 圣城街道王口社区431号,4008-659-600,,
北京紫名都装饰连锁有限公司寿光分公司            ,圣城街与正阳路富地中心三楼,4008-659-600,,
寿光市圣点装饰工程有限公司            ,寿光市正阳路与弥河街交叉路口,4008-659-600,,
寿光澳美装饰            ,山东省寿光市建新街世纪花园对面,4008-659-600,,
寿光朗格建筑装饰工程有限公司            ,寿光市圣城街道高家庄社区,4008-659-600,,
木易装饰有限公司            ,寿光国际商贸城B1-40号,4008-659-600,,
锐新设计装修工程公司            ,现代建材市场,4008-659-600,,
江西苹果装饰公司            ,南昌市抚生丽都广场,4008-659-600,,
北京实创家居装饰集团(江西)有限公司            ,南昌市洪城路6号国贸国贸广场新华都1-3层,4008-659-600,,
江西苹果装饰设计工程有限公司            ,西湖区洪城路987号丽都广场a栋五楼（）,4008-659-600,,
一号家居网南昌站            ,江西省南昌市青山湖区上海路699文化创意园,4008-659-600,,
寿光澳美装饰设计            ,山东省寿光市建新街世纪花园对面,4008-659-600,,
一号家居网            ,南昌市青山湖区上海路699文化创意园,4008-659-600,,
寿光森斯瑞装饰中心            ,寿光九巷国际商贸城A3-26,4008-659-600,,
迪赞设计空间            ,南昌市井冈山大道名爵公馆,4008-659-600,,
一号家居网南昌站            ,江西省南昌市青山湖区上海路699文化创意园,4008-659-600,,
江西翔海装饰工程有限公司            ,,4008-659-600,,
一号家居网南昌站            ,江西省南昌市青山湖区上海路699文化创意园,4008-659-600,,
寿光市班德瑞装饰工程有限公司            ,,4008-659-600,,
好一家装饰寿光分公司            ,,4008-659-600,,
北京城市人家装饰公司(寿光分公司)            ,寿光市圣城街与正阳路交叉口富地中心三楼,4008-659-600,,
寿光浩洁装饰工程有限公司            ,,4008-659-600,,
印昌装饰公司            ,寿光市金光街与幸福路交叉路口向北200米路...,4008-659-600,,
寿光市品源装饰有限公司            ,寿光大酒店南200米,4008-659-600,,
寿光万泰装饰公司            ,潍坊寿光市温泉大酒店东100米路口西北角,4008-659-600,,
寿光一得轩书画工作室            ,寿光市东升路与建新街交叉口南200米（王口...,4008-659-600,,
潍坊寿光爱家装饰            ,寿光市文庙路城里社区2号,4008-659-600,,
寿光日报家居装饰有限公司            ,山东省寿光市幸福路南路新城明珠沿街,4008-659-600,,
