上海波涛装饰集团徐州分公司 ,云龙区楚王陵斜对面新锐领地1-3层,18361216282,83758999,
徐州佳家乐装饰工程有限公司 ,徐州市紫金东郡东隔壁土山寺农贸市场三楼东,18361727157,66772615,
美嘉装饰集团徐州分公司 ,徐州市泉山区迎宾大道20号(汽车南站斜对面...,17712190085,85810999,
徐州唯品装饰工程有限公司 ,徐州市泉山区泰山路90号(金山花园),13218533370,83006588,
徐州喜客喜装饰工程有限公司 ,云龙区淮海东路与黄河东路交口军供大厦3楼,13337952072,83707000,
铜山区蜜湖居室内装修服务部 ,徐州市铜山新区北京北路与黄河西路交叉口蜜湖...,15077802587,67069888,
徐州瑞来装饰设计工程有限公司 ,新城区绿地商务城蓝海B座16楼,15753715111,66671818,
徐州市嘉铭建筑装饰工程有限公司 ,徐州市鼓楼区红星美凯龙三期商铺10幢5室,13813479897,87768686,
江苏冠嘉建筑装饰设计有限公司 ,徐州市云龙区郭庄路133号(东关大润发对面...,15605222381,83666099,
江苏天赋力装饰工程有限公司 ,徐州市云龙区津浦东路东都华府门面,13626161668,66695566,
徐州饰全室美装饰设计工程有限公司 ,徐州市云龙区万达写字楼A座6楼607-60...,19941612325,83008020,
徐州市大自然装潢工程有限责任公司 ,徐州市鼓楼区月星家居广场5楼,17312878806,87561066,
江苏美平方建筑装饰工程有限公司 ,徐州市云龙区香山南路王杰小学正对面江苏美平...,18796238539,82157788,
广东琢艺装饰设计工程有限公司徐州分公司 ,徐州市云龙区宝龙广场D座510,18251642727,66637699,
徐州市六福建筑工程有限公司 ,徐州市新城区吉田商务广场B座1楼,13013960271,87825769,
徐州左岸装饰工程有限公司 ,铜山区湘江路汉泉山庄北区商铺(公交站台后),17368511943,88888888,
北京元洲装饰徐州分公司 ,云龙区和平大道20-1(吉山公寓西侧)元洲...,15722888292,83665169,
徐州壹玖肆玖装饰设计工程有限公司 ,徐州市云龙区绿地瀛海写字楼A座907室,13685119273,83665499,
广东华浔品味徐州分公司            ,徐州西安南路83号(王陵路往北20米路东),4008-659-600,,
华天美地装饰设计有限公司            ,徐州新城区绿地商务城d座7楼,4008-659-600,,
北京阔达装饰徐州分公司            ,徐州市中山北路29号国贸大厦,4008-659-600,,
北京紫名都装饰徐州分公司            , 徐州市解放北路香港德客乐家居广场,4008-659-600,,
徐州贵邦装饰工程有限公司            ,新世纪装饰城10号厅168号,4008-659-600,,
徐州九创装饰工程有限公司            ,徐州云龙区万达广场写字楼B座,4008-659-600,,
江苏百建华茗装饰  免费咨询TEL:4000-516-828            ,徐州市中山北路8号金地国际B座15楼,4008-659-600,,
广州名匠装饰公司            ,徐州市云龙区帝都大厦804-805,4008-659-600,,
