淮北市博之远装饰工程有限公司 ,五马路锦绣和庄北门西100米,18856132221,2211166,
安徽名廷建筑装饰工程有限公司 ,淮北市相山区南黎路山水文园南门2栋101室,19805617978,2259000,
淮北市美家装饰工程有限公司 ,相山区盛世商贸城C7幢0101-0201号,18856179769,400-865-9600,
淮北天匠装饰工程有限公司 ,相山区五马路盛世商贸城北门A2栋,18225618591,2232377,
安徽亿巢建筑装饰工程有限公司 ,五马路海容广场七楼714,18130211070,2173983,
淮北博尚装饰工程有限公司            ,南湖区双溪路1152号,4008-659-600,,
淮北嘉泰隆装饰工程有限公司            ,淮北市相山区长山路金海湾,4008-659-600,,
淮北市东大装饰工程有限公司            ,中山西路秀园路口京润大厦1,4008-659-600,,
嘉兴博城装饰工程有限公司            ,双溪路1099号商铺,4008-659-600,,
淮北市嘉禹装饰设计有限公司            ,南湖区凌公塘路1167号,4008-659-600,,
淮北壹玖壹玖装饰有限公司            ,秀洲区昌盛北路864号,4008-659-600,,
淮北米卡装饰工程有限公司            ,国际创意文化产业园(富润路108号,4008-659-600,,
淮北盘铭装饰工程有限公司            ,南湖区双溪路1213号(御溪半岛商铺),4008-659-600,,
淮北市力之帆装饰工程有限公司            ,南湖区纺工路252号,4008-659-600,,
淮北市弘匠装饰有限公司            ,秀洲区文昌路1477号,4008-659-600,,
淮北市铭居建筑装饰公司            ,安徽省 淮北市 濉溪县 淮海西路12号凤凰...,4008-659-600,,
淮北市宽窄建筑装饰有限公司            ,淮北市盛世商贸城东门对面（凯莱文苑商业街1...,4008-659-600,,
淮北品辰装饰工程有限公司            ,孟山中路莲花大厦2107室,4008-659-600,,
江西苹果装饰公司            ,南昌市抚生丽都广场,4008-659-600,,
北京实创家居装饰集团(江西)有限公司            ,南昌市洪城路6号国贸国贸广场新华都1-3层,4008-659-600,,
江西苹果装饰设计工程有限公司            ,西湖区洪城路987号丽都广场a栋五楼（）,4008-659-600,,
香港云裳软装配饰南昌分公司            ,南昌市西湖区省府西二路,4008-659-600,,
江西龙雕装饰设计有限公司            ,香江家居解放四街37号,4008-659-600,,
南昌实创家居装饰            ,南昌市洪城路6号新华都购物广场3楼,4008-659-600,,
江西苹果装饰工程有限公司            ,江西省南昌市洪城路987号丽都广场a栋5楼,4008-659-600,,
南昌市轩仝宇装饰工程有限公司            ,江西省南昌市西湖区子安路89号1602,4008-659-600,,
迪赞设计空间            ,南昌市井冈山大道名爵公馆,4008-659-600,,
淮北市鸿泰铭居装饰有限公司            ,,4008-659-600,,
淮北天匠装饰工程有限公司            ,淮北市相山区盛世商贸城A2栋三楼,4008-659-600,,
淮北风尚建筑装饰工程有限公司            ,相山区长山中路帝景翰园翰邦国际2201,4008-659-600,,
淮北市汉和建筑装饰工程有限公司            ,淮北市相山区中央花城北区,4008-659-600,,
一米阳光建筑装饰工程有限公司            ,淮北市相册区24克拉1102,4008-659-600,,
淮北市鸿泰铭居装饰有限公司            ,,4008-659-600,,
淮北天匠装饰工程有限公司            ,淮北市相山区盛世商贸城A2栋三楼,4008-659-600,,
淮北风尚建筑装饰工程有限公司            ,相山区长山中路帝景翰园翰邦国际2201,4008-659-600,,
淮北海青建筑装饰工程有限公司            ,,4008-659-600,,
淮北市星程建筑装饰工程有限公司            ,,4008-659-600,,
淮北强强装饰工程有限公司            ,淮北濉溪县淮海南路西关建筑公司401室,4008-659-600,,
淮北传承装饰工程有限公司            ,,4008-659-600,,
一个亿建筑装饰工程有限公司            ,锦绣和庄北门西20米,4008-659-600,,
一米阳光建筑装饰工程有限公司            ,淮北市相册区24克拉1102,4008-659-600,,
淮北市鸿泰铭居装饰有限公司            ,,4008-659-600,,
淮北天匠装饰工程有限公司            ,淮北市相山区盛世商贸城A2栋三楼,4008-659-600,,
淮北风尚建筑装饰工程有限公司            ,相山区长山中路帝景翰园翰邦国际2201,4008-659-600,,
淮北海青建筑装饰工程有限公司            ,,4008-659-600,,
淮北市星程建筑装饰工程有限公司            ,,4008-659-600,,
淮北强强装饰工程有限公司            ,淮北濉溪县淮海南路西关建筑公司401室,4008-659-600,,
淮北传承装饰工程有限公司            ,,4008-659-600,,
一个亿建筑装饰工程有限公司            ,锦绣和庄北门西20米,4008-659-600,,
一米阳光建筑装饰工程有限公司            ,淮北市相册区24克拉,4008-659-600,,
安心居装饰            ,淮北市相山区人民路街道 桓湖花园东区西门,4008-659-600,,
淮北嘉泰隆装饰工程有限公司            ,淮北市长山路金海湾国际广场1601室,4008-659-600,,
意大利尚庭装饰            ,南黎路与泉山路交叉口首府写字楼8楼,4008-659-600,,
淮北一品管家建筑装饰工程有限公司            ,淮北市南黎路(五马路)125号锦绣和庄北门...,4008-659-600,,
淮北大成君度建筑装饰工程有限公司            ,淮北市相山区盛世商贸城北大门大成君度装饰公...,4008-659-600,,
淮北原素装饰有限公司            ,淮北市相山区可伦公馆13-102,4008-659-600,,
淮北市元一装饰工程有限公司            ,淮北相山区梅苑路,4008-659-600,,
淮北市帝鸿装饰工程有限公司            ,淮北市帝景翰园翰邦国际广场2202室,4008-659-600,,
淮北市灵感建筑装饰有限责任公司            ,安徽省 淮北市 相山区 黎苑路与孟山北路交...,4008-659-600,,
淮北市名仕装饰工程有限公司            ,淮北市相山区可伦公馆西门,4008-659-600,,
淮北市英俊建筑装饰工程有限公司            ,淮北市相山区人民路一栋103号,4008-659-600,,
淮北市逸品装饰工程有限公司            ,淮北相山区梅苑路金辉大厦B4栋5号门面房,4008-659-600,,
安徽胜男建筑装饰工程有限公司            ,安徽省淮北市相山区孟山路贰拾肆克拉南楼50...,4008-659-600,,
淮北海华装饰有限公司            ,相山区四马路金地御景5栋2804,4008-659-600,,
淮北韦恩装饰有限公司            ,锦绣和庄东门12栋105室（金帝酒店南十米...,4008-659-600,,
淮北易之盛建筑装饰装工程有限公司饰            ,安徽省 淮北市 相山区 锦绣和庄 3栋 1...,4008-659-600,,
淮北市润庭建筑装饰有限公司            ,淮北市盛世商贸城C6栋3101室,4008-659-600,,
淮北市欧简装饰工程有限公司            ,安徽省 淮北市 相山区 淮北市国购心诚4栋...,4008-659-600,,
淮北市品辰装饰工程有限公司            ,淮北孟山中路莲花大厦2107室,4008-659-600,,
淮北百邦建筑装饰有限公司            ,盛世商贸城三期F9--106,4008-659-600,,
嘉祺装饰设计工程有限公司            ,,4008-659-600,,
美星装饰集团            ,南昌,4008-659-600,,
鲁班装饰设计有限公司            ,南昌,4008-659-600,,
交换空间装饰有限公司            ,南坪会展中心9玺国际8栋,4008-659-600,,
淮北市东大装饰工程有限公司            ,中山西路京润大厦,4008-659-600,,
淮北市艾迪建筑装饰工程有限公司            ,淮北市杜集区淮海中路滨湖新城23-101室,4008-659-600,,
淮北皇庭装饰有限公司            ,淮北市相山区盛世商贸城北门E1栋,4008-659-600,,
淮北欣悦装饰            ,淮北市红星美凯龙A座A8区116室,4008-659-600,,
淮北市鸿泰銘居装饰有限公司            ,安徽省 淮北市 相山区 淮北市盛世商贸城南...,4008-659-600,,
淮北美高美装饰工程有限公司            ,淮北市长山路金海湾6楼,4008-659-600,,
北京深度空间装饰有限公司            ,淮北市长山路桥北路58-4号海容尚城,4008-659-600,,
北京龙发装饰集团            ,阳明东路71号金涛国际a座,4008-659-600,,
南昌道艺装饰有限公司            ,南昌市红谷滩万达中心写字楼B2-814,4008-659-600,,
淮北市金马装饰工程有限公司            ,安徽省淮北市相山区淮北市五马路万福大厦1#...,4008-659-600,,
淮北博之远装饰工程有限公司            ,淮北市五马路盛世商贸城南门正对面,4008-659-600,,
实创家居装饰集团有限公司            ,青云谱洪都洪城路6号国贸广场13层,4008-659-600,,
