潜江乐饰装饰公司 ,潜江市章华南路3号（潜江中学旁体育馆）,18699060023,8156976,
升迈装饰设计工程有限公司            ,潜江南湖花园南湖平安路159号风华天城大门...,4008-659-600,,
北京海天环艺家居装饰有限公司分公司            ,潜江市沙市区塔桥路13-14号广生堂大药店...,4008-659-600,,
美奂装饰装潢有限公司            ,潜江文泉东路9号,4008-659-600,,
北京吉诚装饰有限公司分公司            ,塔桥路42号交警二大队旁边（碧波路口）,4008-659-600,,
汇智装饰工程有限公司            ,塔桥北路共创欧美龙家居建材博览中心五楼(义...,4008-659-600,,
潜江市艺佳实创装饰工程有限公司            ,潜江市沙市区解放路,4008-659-600,,
鹏泰装饰            ,湖北省 潜江市 园林办事处 潜阳中路34号,4008-659-600,,
印象装饰设计工程有限公司            ,潜江塔桥路80号,4008-659-600,,
市家美装饰设计工程公司            ,,4008-659-600,,
创汉装饰            ,湖北省潜江市向阳文化广场创汉装饰,4008-659-600,,
市昌捷装饰有限公司            ,荆州市沙市区红门北路81号明珠雅苑对面,4008-659-600,,
市泰远装饰工程有限公司            ,荆州市沙市区豉湖路28号附5,4008-659-600,,
深圳市雅恩卫浴            ,,4008-659-600,,
潜江市相宜装坊装饰工程有限公司            ,,4008-659-600,,
湖北艺都装饰工程有限公司            ,湖北省 潜江市 园林办事处 深河路49号金...,4008-659-600,,
星辰装饰有限公司            ,潜江麻豪口镇麻豪口村一组,4008-659-600,,
湖北创汉装饰            ,湖北省 潜江市 广华办事处 潜江市广华办事...,4008-659-600,,
市博睿精致装饰设计有限公司            ,荆州,4008-659-600,,
北京龙发装饰集团            ,阳明东路71号金涛国际a座,4008-659-600,,
荆州市大宅门装饰设计工程有限公司            ,沙市区江津中路245号蔚蓝水岸小区正门口(...,4008-659-600,,
鑫晟装饰            ,荆州市,4008-659-600,,
昌捷装饰设计工程有限公司            ,潜江市沙市区-沙市区长港路16号,4008-659-600,,
美星装饰集团            ,南昌,4008-659-600,,
古兰建筑装饰工程有限公司            ,湖北省 潜江市 泰丰办事处 潜江市泰丰路1...,4008-659-600,,
精工宅艺装饰工程有限公司            ,沙市区江津东路163号,4008-659-600,,
美墅名家装饰设计有限公司            ,荆州市南环路84号,4008-659-600,,
潜江品岸装饰设计有限公司            ,湖北省 潜江市 园林办事处 潜江市湖滨路6...,4008-659-600,,
湖北千岭装饰设计有限公司            ,沙市区江津西路274-12号,4008-659-600,,
唯友装饰工程有限公司            ,荆州市监利县容城镇国庆二路21号,4008-659-600,,
松滋巨匠装饰有限公司            ,荆州市,4008-659-600,,
圣明装饰有限公司            ,沙市区北京中路津谷大厦1203号,4008-659-600,,
居上装饰有限公司            ,荆州市,4008-659-600,,
