红叶装饰工程有限公司            ,宿州市中豪国际博览城西区30栋,4008-659-600,,
金叶装饰公司            ,宿州市 埇桥区 中豪北大门20栋,4008-659-600,,
绿森林装饰装饰工程公司            ,宿州市 埇桥区 金茂商城12楼1203室,4008-659-600,,
安徽久盛装饰工程有限公司            ,宿州市中豪国际博览城33栋5-6号,4008-659-600,,
百盛装饰工程有限公司            ,宿州市 西昌北路天鹅湾79幢102室,4008-659-600,,
天猫家装e站            ,安徽省  宿州市 埇桥区  拂晓大道   ...,4008-659-600,,
赢天装饰材料有限公司            ,萧县龙城国购A栋3单元1712,4008-659-600,,
兴晟装饰工程有限公司            ,,4008-659-600,,
品冠创意装饰有限公司            ,宿州市中豪建材博览城18栋,4008-659-600,,
市家俊装饰工程有限公司            ,意邦国际家居品牌中心西门1栋108号,4008-659-600,,
品冠创意装饰有限公司            ,宿州市中豪建材博览城18栋,4008-659-600,,
市家俊装饰工程有限公司            ,意邦国际家居品牌中心西门1栋108号,4008-659-600,,
名匠装饰萧县分公司            ,,4008-659-600,,
名匠装饰萧县分公司            ,,4008-659-600,,
居然之家装饰工程有限公司            ,,4008-659-600,,
