天猫家装e站            ,商洛市镇安县迎宾路95号,4008-659-600,,
鲁班装饰设计有限公司            ,南昌,4008-659-600,,
吉祥装潢有限公司            ,兴隆路与102省道交叉口南50米,4008-659-600,,
森源装饰有限公司            ,镇安县其他永安路开元大酒店东南面,4008-659-600,,
金利源装饰有限公司            ,商洛市镇安县迎宾路,4008-659-600,,
红番茄装饰有限公司            ,商洛市镇安县岭南路18号,4008-659-600,,
陕西鼎观装饰装修工程有限责任公司            ,镇安县永乐镇镇城社区教场路52号,4008-659-600,,
佳境装饰有限公司            ,陕西省商洛市镇安县河滨路103号,4008-659-600,,
新潮装饰有限公司            , 陕西省商洛市镇安县永安路80号,4008-659-600,,
精诚装饰有限公司            ,商洛市镇安县河滨路39号,4008-659-600,,
金芒果装饰集团            ,江西省吉安市吉州区广场北路1号(新世界广场...,4008-659-600,,
南昌市轩仝宇装饰工程有限公司            ,江西省南昌市西湖区子安路89号1602,4008-659-600,,
南昌林涵设计            ,林涵设计,4008-659-600,,
南昌三帝装饰设计有限公司            ,南昌市青山湖区洪都北道299号高能金域名都...,4008-659-600,,
陕西望海实业有限公司圆点装饰镇安分公司            ,陕西省商洛市镇安县迎宾路160号,4008-659-600,,
南昌欧坊装饰工程有限公司            ,南昌西湖区洪城路576号天使商务广场t层,4008-659-600,,
南昌鲁公大宅装饰工程公司            ,南昌市八一广场丽华购物广场6楼,4008-659-600,,
江西弈昌装饰集团            ,南昌市西湖区抚生南路博富大厦二楼,4008-659-600,,
镇安金艺阁装饰装修工程有限公司            ,商洛市镇安县永乐街道办镇城社区后街教场路1...,4008-659-600,,
南昌道艺装饰有限公司            ,南昌市红谷滩万达中心写字楼B2-814,4008-659-600,,
阔达建筑装饰工程有限责任公司            ,北京市海淀区西三环北路87号国际财经中心c...,4008-659-600,,
华浔品味装饰            ,东路鹿鼎家居4楼b馆,4008-659-600,,
嘉祺装饰设计工程有限公司            ,,4008-659-600,,
易尚装饰            ,南昌市青山湖大道333号天香园8号创意园二...,4008-659-600,,
星艺装饰有限公司            ,南昌市北京东路·恒茂国际都会...,4008-659-600,,
波涛装饰公司            ,高新区南二环西段财富中心,4008-659-600,,
南国风装饰工程有限工司            ,青山湖南大道墅溪园,4008-659-600,,
广州市华宁装饰工程有限公司南昌分公司            ,江西省南昌市西湖区广润门三区37栋1号,4008-659-600,,
远峰装饰工程有限公司            ,陕西省商洛市镇安县西环路,4008-659-600,,
腾达室外装修有限公司            ,商洛市镇安县岭南路80号,4008-659-600,,
山水馨居装饰有限责任公司            , 商洛市商州区中心广场春天服饰五楼,4008-659-600,,
