韶关市名匠装饰有限公司 ,武江区怡华路红星大厦维也纳酒店首层3-4号,13680093525,8775208,
广州美霖装饰股份有限公司韶关分公司 ,韶关市浈江区园前路1号亨达楼7楼,18023655050,8272000,
韶关市武江区品匠家居装饰工程有限公司 ,韶关市惠民南路与新华南路交汇处南风花园(邮...,18607863187,8880989,
韶关市云燕飞翔装饰有限公司 ,韶关市浈江区十里亭镇良村综合商贸城D栋90...,18575102888,8208369,
韶关雅浩装饰工程有限公司            ,武江区西河立交桥新华北路96号,4008-659-600,,
信扬装饰工程有限公司            ,韶关市武江区惠民北路254号三楼(新华派出...,4008-659-600,,
喜点时尚天花吊顶            ,南雄市青云东路大润发对面,4008-659-600,,
广东鹏锦装饰集团广州有限公司韶关分公司            ,韶关市浈江区群乐巷18号二楼201,4008-659-600,,
三维雅筑有限责任公司韶关分公司            ,韶关市惠民南路146号,4008-659-600,,
韶关春满人间装饰            ,广东省韶关市西河立交桥,4008-659-600,,
同华美家装饰建材            ,乐昌乐廊路禾胜楼同华美家,4008-659-600,,
星艺装饰有限公司            ,韶关市浈江区群乐巷18号二楼201,4008-659-600,,
武江区新天玺装饰设计部            ,韶关武江区怡华路30号2楼(老广记酒楼前1...,4008-659-600,,
韶关市贞江区卓群装饰服务中心            ,韶关市贞江区五里亭耕进商贸城A8首层,4008-659-600,,
乳源瑶族自治县沃诺尔装饰材料部            ,乳源鲜明北路,4008-659-600,,
点彩墙艺装饰公司            ,韶关市新华南路沃尔玛对面红星美居中心3楼西...,4008-659-600,,
华浔品味装饰韶关分公司            ,韶关市武江区惠民北路16号新世纪大厦首层(...,4008-659-600,,
韶关市始兴县精匠装饰设计有限公司            ,韶关市始兴县太平镇丹凤路25号,4008-659-600,,
南雄鼎成化工有限公司            ,dc1314,4008-659-600,,
杰杰装修            ,,4008-659-600,,
精匠装饰设计有限公司            ,始兴县丹凤路25号,4008-659-600,,
武江区透明装饰服务部            ,韶关市武江区沙洲尾碧水花城75号商铺,4008-659-600,,
乐昌市美伦装饰工程有限公司            ,,4008-659-600,,
乐昌中澜装饰            ,乐昌市乐城东环横路顺福雅苑A3栋6号,4008-659-600,,
翁源县雅居装饰设计室            ,翁源县城建设一路674号-4-5,4008-659-600,,
广州美霖装饰设计工程有限公司韶关分公司            ,浈江区园前路1号7楼,4008-659-600,,
韶关市名思装饰设计工程有限公司            ,广东省韶关市翁源县龙湖花园5栋首层,4008-659-600,,
家居美装饰部            ,韶关市保安巷19号,4008-659-600,,
艺美广告装饰设计有限公司            ,韶关市工业东路37号(西河立交桥底东侧),4008-659-600,,
新通达装饰材料有限公司            ,韶关市武江区前进建材城,4008-659-600,,
嘉忆装饰设计有限公司            ,韶关市新丰县城东路1号首层,4008-659-600,,
爱尔装修公司            ,前进市场,4008-659-600,,
广东韶关九木堂装饰            ,广东省韶关市武江区新华南路红星美居一楼九木...,4008-659-600,,
辉煌装饰工程设计中心            ,韶关乐昌市兴业茗居兴业建材城,4008-659-600,,
家家美装饰设计            ,韶关市浈江区五里亭河畔茗居二号楼二号铺,4008-659-600,,
精匠装饰设计有限公司            ,始兴县丹凤路25号,4008-659-600,,
武江区透明装饰服务部            ,韶关市武江区沙洲尾碧水花城75号商铺,4008-659-600,,
乐昌市美伦装饰工程有限公司            ,,4008-659-600,,
乐昌中澜装饰            ,乐昌市乐城东环横路顺福雅苑A3栋6号,4008-659-600,,
翁源县雅居装饰设计室            ,翁源县城建设一路674号-4-5,4008-659-600,,
广州美霖装饰设计工程有限公司韶关分公司            ,浈江区园前路1号7楼,4008-659-600,,
韶关市名思装饰设计工程有限公司            ,广东省韶关市翁源县龙湖花园5栋首层,4008-659-600,,
家居美装饰部            ,韶关市保安巷19号,4008-659-600,,
韶关艺之峰装饰            ,,4008-659-600,,
始兴县鸿邦装饰部            ,,4008-659-600,,
天伦装修公司            ,419,4008-659-600,,
嘉之丽建筑装饰工程有限公司            ,韶关市武江区中级人民法院对面,4008-659-600,,
韶关市浈江区荣创装饰设计工作室            ,韶关市浈江区南郊九公里,4008-659-600,,
品杰装饰工程有限公司            ,,4008-659-600,,
汇美装饰设计公司            ,韶关市武江区前进建材市场,4008-659-600,,
韶关市贝爷装饰有限公司            ,韶关市曲江区马坝镇源河豪庭（气象局旁）,4008-659-600,,
韶关市品匠家居装饰工程有限公司            ,,4008-659-600,,
韶关艺之峰装饰            ,,4008-659-600,,
始兴县鸿邦装饰部            ,,4008-659-600,,
天伦装修公司            ,419,4008-659-600,,
嘉之丽建筑装饰工程有限公司            ,韶关市武江区中级人民法院对面,4008-659-600,,
韶关市浈江区荣创装饰设计工作室            ,韶关市浈江区南郊九公里,4008-659-600,,
品杰装饰工程有限公司            ,,4008-659-600,,
汇美装饰设计公司            ,韶关市武江区前进建材市场,4008-659-600,,
美家装饰            ,,4008-659-600,,
汇美装饰设计公司            ,韶关前进建材市场A2-18店,4008-659-600,,
韶关市始兴县艺海装饰有限公司            ,广东省韶关市始兴县煌宫酒店一楼艺海装饰,4008-659-600,,
艺之峰装饰设计            ,,4008-659-600,,
圆鼎装修            ,,4008-659-600,,
华丽装饰工程部            ,,4008-659-600,,
東方门道装饰工程部            ,,4008-659-600,,
韶关市贝爷装饰有限公司            ,韶关市曲江区马坝镇源河豪庭（气象局旁）,4008-659-600,,
韶关市品匠家居装饰工程有限公司            ,,4008-659-600,,
