驻马店市轻舟建筑装饰工程有限公司 ,驻马店市驿城区文明路与纬一路交叉口西南角轻...,17339692777,3531777,
驻马店市驿城区铭匠世家装饰工程设计工作室 ,驻马店驿城区木兰街中段泉家宾馆二楼206室,13461857776,1857776,
驻马店东易日盛装饰公司            ,河南省驻马店市置地大道与金山路向北100路...,4008-659-600,,
驻马店市华丽装饰有限公司            ,驻马店文明路中段（天龙大酒店北50米路西）,4008-659-600,,
辉煌腾达装饰工程有限公司            ,河南省驻马店市乐山路与文化路交叉口内衣厂家...,4008-659-600,,
驻马店市炎煌装饰有限公司            ,驻马店市白桥路中段华达西湖小区对面,4008-659-600,,
北京龙发装饰驻马店分公司            ,驿城区文明路与置地大道交叉口翡翠国际A座1...,4008-659-600,,
北京轻舟建筑装饰工程有限公司驻马店分公司            ,驻马店市驿城区文明路与纬一路交汇处西南角门...,4008-659-600,,
河南省美乐居装饰设计有限公司            ,河南省驻马店市白桥路与练江路交叉口向东50...,4008-659-600,,
北京深度空间装饰工程有限公司汝南分公司            ,驻马店汝南县西关大街69号,4008-659-600,,
宜居祥和装饰工程有限公司            , 驻马店驿城区置地大道与乐山路交叉口第五大...,4008-659-600,,
驻马店非凡装饰工程有限公司            ,河南省驻马店市驿城区置地大道与文明路交叉口...,4008-659-600,,
驻马店市交换空间装饰装修有限公司            ,驻马店驿城浙江商贸城B2-244,4008-659-600,,
驻马店市向天歌装饰工程有限公司            ,雪松大道西段西客站远大学校东侧,4008-659-600,,
驻马店装饰工程有限公司            ,河南省驻马店乐山路北段百客酒店2楼整层,4008-659-600,,
城市人家装饰有限公司            ,北京市大兴区亦庄经济开发区4号街区力宝广场...,4008-659-600,,
美星装饰集团            ,南昌,4008-659-600,,
鲁班装饰设计有限公司            ,南昌,4008-659-600,,
交换空间装饰有限公司            ,南坪会展中心9玺国际8栋,4008-659-600,,
驻马店乐居装饰工程有限公司            ,河南省驻马店市驿城区乐山路与置地大道交叉口,4008-659-600,,
北京业之峰诺华装饰股份有限公司            ,八一大道357号 财富广场b座22层,4008-659-600,,
苹果装饰            ,河南省驻马店市驿城区,4008-659-600,,
实创家居装饰集团有限公司            ,青云谱洪都洪城路6号国贸广场13层,4008-659-600,,
驻马店市鼎峰装饰工程有限公司            ,驻马店CBD爱克大厦,4008-659-600,,
驻马店市浩方装饰工程有限公司            ,驻马店市前进路北段浙江商城一期C6-123...,4008-659-600,,
驻马店市东洋装饰工程有限公司            ,驻马店置地大道与乐山大道交叉口 爱克大厦5...,4008-659-600,,
月儿湾装饰            ,驻马店文化路爱家量贩西20米月儿湾装饰,4008-659-600,,
驻马店市九鑫装饰工程公司            ,,4008-659-600,,
北京实创家居装饰集团(江西)有限公司            ,南昌市洪城路6号国贸国贸广场新华都1-3层,4008-659-600,,
驻马店创艺装饰工程有限公司            ,驿城区乐山路与雪松路交叉路口海云第一城33...,4008-659-600,,
